確度,部門,プロジェクト名,内外,BIZ,S/L,AOコード,AOコード名,請求先,ヒト・モノ,売上1月,外注費1月,原価経費1月,社内人件費1月,売上総利益1月,率1月,売上2月,外注費2月,原価経費2月,社内人件費2月,売上総利益2月,率2月,売上3月,外注費3月,原価経費3月,社内人件費3月,売上総利益3月,率3月,売上4月,外注費4月,原価経費4月,社内人件費4月,売上総利益4月,率4月,売上5月,外注費5月,原価経費5月,社内人件費5月,売上総利益5月,率5月,売上6月,外注費6月,原価経費6月,社内人件費6月,売上総利益6月,率6月,売上7月,外注費7月,原価経費7月,社内人件費7月,売上総利益7月,率7月,売上8月,外注費8月,原価経費8月,社内人件費8月,売上総利益8月,率8月,売上9月,外注費9月,原価経費9月,社内人件費9月,売上総利益9月,率9月,売上10月,外注費10月,原価経費10月,社内人件費10月,売上総利益10月,率10月,売上11月,外注費11月,原価経費11月,社内人件費11月,売上総利益11月,率11月,売上12月,外注費12月,原価経費12月,社内人件費12月,売上総利益12月,率12月
①,HCM,開発・保守案件 AO（プロパー）,内,BS,5a 個別運用保守ｻｰﾋﾞｽ,306,HCM,ISID,ヒト,10766900,0,120000,7266600,3380300,0.314,10766900,0,120000,7266600,3380300,0.314,10766900,0,120000,7266600,3380300,0.314,12414900,0,140000,8718600,3556300,0.286,12414900,0,140000,8355600,3919300,0.316,12414900,0,140000,8355600,3919300,0.316,10766900,0,120000,7266600,3380300,0.314,10959500,0,120000,7411800,3427700,0.313,10959500,0,120000,7411800,3427700,0.313,10959500,0,120000,7411800,3427700,0.313,10959500,0,120000,7411800,3427700,0.313,10959500,0,120000,7411800,3427700,0.313
①,HCM,開発・保守案件 AO（安田）,内,BS,5a 個別運用保守ｻｰﾋﾞｽ,306,HCM,ISID,ヒト,789500,0,10000,1056000,-276500,-0.35,789500,0,10000,1056000,-276500,-0.35,789500,0,10000,1056000,-276500,-0.35,789500,0,10000,1056000,-276500,-0.35,789500,0,10000,1056000,-276500,-0.35,789500,0,10000,1056000,-276500,-0.35,789500,0,10000,1056000,-276500,-0.35,789500,0,10000,1056000,-276500,-0.35,789500,0,10000,1056000,-276500,-0.35,789500,0,10000,1056000,-276500,-0.35,789500,0,10000,1056000,-276500,-0.35,789500,0,10000,1056000,-276500,-0.35
①,HCM,開発・保守案件 AO（真水メンバー）,内,BS,5a 個別運用保守ｻｰﾋﾞｽ,306,HCM,ISID,ヒト,1648000,0,0,1452000,196000,0.119,1648000,0,0,1452000,196000,0.119,1648000,0,0,1452000,196000,0.119,0,0,0,0,0,0,0,0,0,0,0,0,0,0,0,0,0,0,0,0,0,0,0,0,0,0,0,0,0,0,0,0,0,0,0,0,0,0,0,0,0,0,0,0,0,0,0,0,0,0,0,0,0,0
①,HCM,開発・保守案件 AO（池田）,内,BS,5a 個別運用保守ｻｰﾋﾞｽ,306,HCM,ISID,ヒト,892000,0,10000,726000,156000,0.175,892000,0,10000,726000,156000,0.175,892000,0,10000,726000,156000,0.175,0,0,0,0,0,0,0,0,0,0,0,0,0,0,0,0,0,0,0,0,0,0,0,0,0,0,0,0,0,0,0,0,0,0,0,0,0,0,0,0,0,0,0,0,0,0,0,0,0,0,0,0,0,0
①,HCM,開発・保守案件 AO（斎藤）,内,BS,5a 個別運用保守ｻｰﾋﾞｽ,306,HCM,ISID,ヒト,327000,0,10000,247500,69500,0.213,0,0,0,0,0,0,0,0,0,0,0,0,0,0,0,0,0,0,0,0,0,0,0,0,0,0,0,0,0,0,0,0,0,0,0,0,0,0,0,0,0,0,0,0,0,0,0,0,0,0,0,0,0,0,0,0,0,0,0,0,0,0,0,0,0,0
①,HCM,開発・保守案件 AO（FY20新人2名）,内,BS,5a 個別運用保守ｻｰﾋﾞｽ,306,HCM,ISID,ヒト,522400,0,10000,396000,116400,0.223,0,0,0,0,0,0,0,0,0,0,0,0,0,0,0,0,0,0,0,0,0,0,0,0,0,0,0,0,0,0,0,0,0,0,0,0,653000,0,10000,495000,148000,0.227,653000,0,10000,495000,148000,0.227,653000,0,10000,495000,148000,0.227,653000,0,10000,495000,148000,0.227,653000,0,10000,495000,148000,0.227
③,HCM,開発・保守案件 AO（寺西未確定）,内,BS,5a 個別運用保守ｻｰﾋﾞｽ,306,HCM,ISID,ヒト,,,,,,,,,,,,,,,,,,,,,,,,,,,,,,,,,,,,,,,,,,,,,,,,,,,,,,,,,,,,,,,,,,,,,,,,
④,HCM,開発・保守案件 AO（中途入社2名）,内,BS,5a 個別運用保守ｻｰﾋﾞｽ,306,HCM,ISID,ヒト,,,,,,,,,,,,,,,,,,,,,,,,,,,,,,,,,,,,,,,,,,,,,,,,,,,,,,,,,,,,,,,,,,,,,,,,
①,HCM,PO　菱電保守　エスピーネット,内,BS,5a 個別運用保守ｻｰﾋﾞｽ,306,HCM,ISID,ヒト,0,0,0,0,0,0,0,0,0,0,0,0,0,0,0,0,0,0,0,0,0,0,0,0,546095,485417,0,0,60678,0.111,0,0,0,0,0,0,0,0,0,0,0,0,0,0,0,0,0,0,0,0,0,0,0,0,0,0,0,0,0,0,0,0,0,0,0,0,781758,694896,0,0,86862,0.111
①,HCM,PO　キタムラ保守　エスピーネット,内,BS,5a 個別運用保守ｻｰﾋﾞｽ,306,HCM,ISID,ヒト,0,0,0,0,0,0,0,0,0,0,0,0,742500,660000,0,0,82500,0.111,0,0,0,0,0,0,0,0,0,0,0,0,742500,660000,0,0,82500,0.111,247500,220000,0,0,27500,0.111,0,0,0,0,0,0,495000,440000,0,0,55000,0.111,0,0,0,0,0,0,0,0,0,0,0,0,742500,660000,0,0,82500,0.111
①,HCM,ANALOG保守 人事・人財管理,内,BS,5a 個別運用保守ｻｰﾋﾞｽ,306,HCM,ISID,ヒト,1968750,1750000,0,0,218750,0.111,1968750,1750000,0,0,218750,0.111,1968750,1750000,0,0,218750,0.111,0,0,0,0,0,0,0,0,0,0,0,0,0,0,0,0,0,0,0,0,0,0,0,0,0,0,0,0,0,0,0,0,0,0,0,0,0,0,0,0,0,0,0,0,0,0,0,0,0,0,0,0,0,0
①,HCM,ANALOG保守（SH金山）,内,BS,5a 個別運用保守ｻｰﾋﾞｽ,306,HCM,ISID,ヒト,1200000,900000,0,0,300000,0.25,1200000,900000,0,0,300000,0.25,1200000,900000,0,0,300000,0.25,0,0,0,0,0,0,0,0,0,0,0,0,0,0,0,0,0,0,0,0,0,0,0,0,0,0,0,0,0,0,0,0,0,0,0,0,0,0,0,0,0,0,0,0,0,0,0,0,0,0,0,0,0,0
③,HCM,ANALOG保守（SH金山未確定）,内,BS,5a 個別運用保守ｻｰﾋﾞｽ,306,HCM,ISID,ヒト,,,,,,,,,,,,,,,,,,,,,,,,,,,,,,,,,,,,,,,,,,,,,,,,,,,,,,,,,,,,,,,,,,,,,,,,
④,HCM,ANA保守維持管理（既存TP移管）,内,BS,5a 個別運用保守ｻｰﾋﾞｽ,306,HCM,ISID,ヒト,,,,,,,,,,,,,,,,,,,,,,,,,,,,,,,,,,,,,,,,,,,,,,,,,,,,,,,,,,,,,,,,,,,,,,,,
①,HCM,ISID POSITIVE保守（1-12月）,内,BS,5a 個別運用保守ｻｰﾋﾞｽ,306,HCM,ISID,ヒト,830000,154000,0,389400,286600,0.345,230000,0,0,145200,84800,0.369,230000,0,0,145200,84800,0.369,230000,0,0,145200,84800,0.369,230000,0,0,145200,84800,0.369,230000,0,0,145200,84800,0.369,230000,0,0,145200,84800,0.369,230000,0,0,145200,84800,0.369,230000,0,0,145200,84800,0.369,230000,0,0,145200,84800,0.369,230000,0,0,145200,84800,0.369,230000,0,0,145200,84800,0.369
①,HCM,ISID POSITIVEバージョンアップ,内,BS,5a 個別運用保守ｻｰﾋﾞｽ,306,HCM,ISID,ヒト,0,0,0,0,0,0,0,0,0,0,0,0,3960000,1232000,0,1351906,1376094,0.347,0,0,0,0,0,0,0,0,0,0,0,0,5225000,1347500,0,1971527,1905973,0.365,1980000,616000,0,640200,723800,0.366,0,0,0,0,0,0,0,0,0,0,0,0,0,0,0,0,0,0,0,0,0,0,0,0,0,0,0,0,0,0
③,HCM,ISID POSITIVEその他,内,BS,5a 個別運用保守ｻｰﾋﾞｽ,306,HCM,ISID,ヒト,,,,,,,,,,,,,,,,,,,,,,,,,,,,,,,,,,,,,,,,,,,,,,,,,,,,,,,,,,,,,,,,,,,,,,,,
①,HCM,開発・保守案件（アップロード）,内,BS,5a 個別運用保守ｻｰﾋﾞｽ,306,HCM,ISID,ヒト,5332500,4740000,0,0,592500,0.111,5332500,4740000,0,0,592500,0.111,5332500,4740000,0,0,592500,0.111,5332500,4740000,0,0,592500,0.111,5332500,4740000,0,0,592500,0.111,5332500,4740000,0,0,592500,0.111,3892500,3460000,0,0,432500,0.111,3892500,3460000,0,0,432500,0.111,3892500,3460000,0,0,432500,0.111,3892500,3460000,0,0,432500,0.111,3892500,3460000,0,0,432500,0.111,3892500,3460000,0,0,432500,0.111
③,HCM,開発・保守案件（アップロード未確定）,内,BS,5a 個別運用保守ｻｰﾋﾞｽ,306,HCM,ISID,ヒト,,,,,,,,,,,,,,,,,,,,,,,,,,,,,,,,,,,,,,,,,,,,,,,,,,,,,,,,,,,,,,,,,,,,,,,,
①,HCM,開発・保守案件（システムギア）,内,BS,5a 個別運用保守ｻｰﾋﾞｽ,306,HCM,ISID,ヒト,4405500,3916000,0,0,489500,0.111,3885750,3454000,0,0,431750,0.111,3885750,3454000,0,0,431750,0.111,1894500,1684000,0,0,210500,0.111,1894500,1684000,0,0,210500,0.111,1894500,1684000,0,0,210500,0.111,2963250,2634000,0,0,329250,0.111,3656250,3250000,0,0,406250,0.111,3656250,3250000,0,0,406250,0.111,3656250,3250000,0,0,406250,0.111,3656250,3250000,0,0,406250,0.111,3656250,3250000,0,0,406250,0.111
③,HCM,開発・保守案件（システムギア未確定）,内,BS,5a 個別運用保守ｻｰﾋﾞｽ,306,HCM,ISID,ヒト,,,,,,,,,,,,,,,,,,,,,,,,,,,,,,,,,,,,,,,,,,,,,,,,,,,,,,,,,,,,,,,,,,,,,,,,
①,HCM,開発・保守案件（システムギア福満・江島）,内,BS,5a 個別運用保守ｻｰﾋﾞｽ,306,HCM,ISID,ヒト,,,,,0,0,,,,,0,0,,,,,0,0,0,0,,,0,0,0,0,,,0,0,,,,,0,0,,,,,0,0,,,,,0,0,,,,,0,0,,,,,0,0,,,,,0,0,,,,,0,0
①,HCM,開発・保守案件（ｴｲｸﾘｴｲｼｮﾝ）,内,BS,5a 個別運用保守ｻｰﾋﾞｽ,306,HCM,ISID,ヒト,3172500,2820000,0,0,352500,0.111,3172500,2820000,0,0,352500,0.111,3172500,2820000,0,0,352500,0.111,3172500,2820000,0,0,352500,0.111,3172500,2820000,0,0,352500,0.111,3172500,2820000,0,0,352500,0.111,810000,720000,0,0,90000,0.111,810000,720000,0,0,90000,0.111,810000,720000,0,0,90000,0.111,810000,720000,0,0,90000,0.111,810000,720000,0,0,90000,0.111,810000,720000,0,0,90000,0.111
③,HCM,開発・保守案件（ｴｲｸﾘｴｲｼｮﾝ未確定）,内,BS,5a 個別運用保守ｻｰﾋﾞｽ,306,HCM,ISID,ヒト,,,,,,,,,,,,,,,,,,,,,,,,,,,,,,,,,,,,,,,,,,,,,,,,,,,,,,,,,,,,,,,,,,,,,,,,
①,HCM,開発・保守案件（アテネ）,内,BS,5a 個別運用保守ｻｰﾋﾞｽ,306,HCM,ISID,ヒト,4640625,4125000,0,0,515625,0.111,4640625,4125000,0,0,515625,0.111,4640625,4125000,0,0,515625,0.111,3622500,4500000,0,0,-877500,-0.242,3622500,3220000,0,0,402500,0.111,3622500,3220000,0,0,402500,0.111,0,0,0,0,0,0,0,0,0,0,0,0,0,0,0,0,0,0,0,0,0,0,0,0,0,0,0,0,0,0,0,0,0,0,0,0
③,HCM,開発・保守案件（アテネ未確定）,内,BS,5a 個別運用保守ｻｰﾋﾞｽ,306,HCM,ISID,ヒト,,,,,,,,,,,,,,,,,,,,,,,,,,,,,,,,,,,,,,,,,,,,,,,,,,,,,,,,,,,,,,,,,,,,,,,,
①,HCM,TG保守（ソフトハート）,内,BS,5a 個別運用保守ｻｰﾋﾞｽ,306,HCM,ISID,ヒト,6266665,4700000,0,0,1566665,0.25,6266665,4700000,0,0,1566665,0.25,6266665,4700000,0,0,1566665,0.25,2266666,1700000,0,0,566666,0.25,2266666,1700000,0,0,566666,0.25,2266666,1700000,0,0,566666,0.25,4399999,3300000,0,0,1099999,0.25,4399999,3300000,0,0,1099999,0.25,4399999,3300000,0,0,1099999,0.25,4399999,3300000,0,0,1099999,0.25,4399999,3300000,0,0,1099999,0.25,4399999,3300000,0,0,1099999,0.25
③,HCM,TG保守（ソフトハート未確定）,内,BS,5a 個別運用保守ｻｰﾋﾞｽ,306,HCM,ISID,ヒト,,,,,,,,,,,,,,,,,,,,,,,,,,,,,,,,,,,,,,,,,,,,,,,,,,,,,,,,,,,,,,,,,,,,,,,,
③,HCM,TG保守(人事　SH社要員追加1名),内,BS,5a 個別運用保守ｻｰﾋﾞｽ,306,HCM,ISID,ヒト,,,,,,,,,,,,,,,,,,,,,,,,,,,,,,,,,,,,,,,,,,,,,,,,,,,,,,,,,,,,,,,,,,,,,,,,
④,HCM,TG保守(就業　既存TP　AO管理移管2名),内,BS,5a 個別運用保守ｻｰﾋﾞｽ,306,HCM,ISID,ヒト,,,,,,,,,,,,,,,,,,,,,,,,,,,,,,,,,,,,,,,,,,,,,,,,,,,,,,,,,,,,,,,,,,,,,,,,
①,HCM,TG保守（ソフトハート）榎本,内,BS,5a 個別運用保守ｻｰﾋﾞｽ,306,HCM,ISID,ヒト,0,0,0,0,0,0,0,0,0,0,0,0,0,0,0,0,0,0,1000000,750000,0,0,250000,0.25,1000000,750000,0,0,250000,0.25,1000000,750000,0,0,250000,0.25,,,,,0,0,,,,,0,0,,,,,0,0,,,,,0,0,,,,,0,0,,,,,0,0
①,HCM,開発・保守案件（ソフトハート）,内,BS,5a 個別運用保守ｻｰﾋﾞｽ,306,HCM,ISID,ヒト,0,0,0,0,0,0,0,0,0,0,0,0,9200000,6900000,0,0,2300000,0.25,0,0,0,0,0,0,0,0,0,0,0,0,9200000,6900000,0,0,2300000,0.25,0,0,0,0,0,0,0,0,0,0,0,0,6400000,4800000,0,0,1600000,0.25,0,0,0,0,0,0,0,0,0,0,0,0,6400000,4800000,0,0,1600000,0.25
③,HCM,開発・保守案件（ソフトハート未確定）,内,BS,5a 個別運用保守ｻｰﾋﾞｽ,306,HCM,ISID,ヒト,,,,,,,,,,,,,,,,,,,,,,,,,,,,,,,,,,,,,,,,,,,,,,,,,,,,,,,,,,,,,,,,,,,,,,,,
①,HCM,SSC社バルク保守・運用,内,BS,5a 個別運用保守ｻｰﾋﾞｽ,306,HCM,ISID,ヒト,0,0,0,0,0,0,0,0,0,0,0,0,8405578,6466625,0,0,1938953,0.231,0,0,0,0,0,0,0,0,0,0,0,0,8321428,6391825,0,0,1929603,0.232,0,0,0,0,0,0,0,0,0,0,0,0,8321428,6391825,0,0,1929603,0.232,0,0,0,0,0,0,0,0,0,0,0,0,8321428,6391825,0,0,1929603,0.232
③,HCM,SSC社バルク保守・運用（ISID逆移管分）,内,BS,5a 個別運用保守ｻｰﾋﾞｽ,306,HCM,ISID,ヒト,,,,,,,,,,,,,,,,,,,,,,,,,,,,,,,,,,,,,,,,,,,,,,,,,,,,,,,,,,,,,,,,,,,,,,,,
①,HCM,SSC社バルク保守・開発用（ミニバルク）,内,BS,5a 個別運用保守ｻｰﾋﾞｽ,306,HCM,ISID,ヒト,0,0,0,0,0,0,0,0,0,0,0,0,801563,712500,0,0,89063,0.111,0,0,0,0,0,0,0,0,0,0,0,0,801563,712500,0,0,89063,0.111,0,0,0,0,0,0,0,0,0,0,0,0,801563,712500,0,0,89063,0.111,0,0,0,0,0,0,0,0,0,0,0,0,801563,712500,0,0,89063,0.111
④,HCM,【導入】　案件①（上期）,内,BS,5a 個別運用保守ｻｰﾋﾞｽ,306,HCM,ISID,ヒト,,,,,,,,,,,,,,,,,,,,,,,,,,,,,,,,,,,,,,,,,,,,,,,,,,,,,,,,,,,,,,,,,,,,,,,,
④,HCM,【導入】　案件②（下期）,内,BS,5a 個別運用保守ｻｰﾋﾞｽ,306,HCM,ISID,ヒト,,,,,,,,,,,,,,,,,,,,,,,,,,,,,,,,,,,,,,,,,,,,,,,,,,,,,,,,,,,,,,,,,,,,,,,,
③,HCM,EKH リオーダ-SB・Oraバージョンアップ（鈴与）,内,BS,5a 個別運用保守ｻｰﾋﾞｽ,306,HCM,ISID,ヒト,,,,,,,,,,,,,,,,,,,,,,,,,,,,,,,,,,,,,,,,,,,,,,,,,,,,,,,,,,,,,,,,,,,,,,,,
③,HCM,ICK リオーダ-SB・Oraバージョンアップ（鈴与）,内,BS,5a 個別運用保守ｻｰﾋﾞｽ,306,HCM,ISID,ヒト,,,,,,,,,,,,,,,,,,,,,,,,,,,,,,,,,,,,,,,,,,,,,,,,,,,,,,,,,,,,,,,,,,,,,,,,
④,HCM,AGC　VerUP案件,内,BS,5a 個別運用保守ｻｰﾋﾞｽ,306,HCM,ISID,ヒト,,,,,,,,,,,,,,,,,,,,,,,,,,,,,,,,,,,,,,,,,,,,,,,,,,,,,,,,,,,,,,,,,,,,,,,,
④,HCM,ISID 　PO VerUP(環境構築～実装フェーズ),内,BS,5a 個別運用保守ｻｰﾋﾞｽ,306,HCM,ISID,ヒト,,,,,,,,,,,,,,,,,,,,,,,,,,,,,,,,,,,,,,,,,,,,,,,,,,,,,,,,,,,,,,,,,,,,,,,,
④,HCM,ISID 　PO VerUP(結合テストフェーズ),内,BS,5a 個別運用保守ｻｰﾋﾞｽ,306,HCM,ISID,ヒト,,,,,,,,,,,,,,,,,,,,,,,,,,,,,,,,,,,,,,,,,,,,,,,,,,,,,,,,,,,,,,,,,,,,,,,,
④,HCM,ISID 　PO VerUP(移行・導入フェーズ),内,BS,5a 個別運用保守ｻｰﾋﾞｽ,306,HCM,ISID,ヒト,,,,,,,,,,,,,,,,,,,,,,,,,,,,,,,,,,,,,,,,,,,,,,,,,,,,,,,,,,,,,,,,,,,,,,,,
③,HCM,レリアン様向け_賞与VIEW過去考課表示変更対応,内,BS,5a 個別運用保守ｻｰﾋﾞｽ,306,HCM,ISID,ヒト,,,,,,,,,,,,,,,,,,,,,,,,,,,,,,,,,,,,,,,,,,,,,,,,,,,,,,,,,,,,,,,,,,,,,,,,
③,HCM,レリアン様向け_時短率細分化対応,内,BS,5a 個別運用保守ｻｰﾋﾞｽ,306,HCM,ISID,ヒト,,,,,,,,,,,,,,,,,,,,,,,,,,,,,,,,,,,,,,,,,,,,,,,,,,,,,,,,,,,,,,,,,,,,,,,,
④,HCM,★FY21 移管案件（気合系）,対象外,BS,5a 個別運用保守ｻｰﾋﾞｽ,306,HCM,ISID,ヒト,,,,,,,,,,,,,,,,,,,,,,,,,,,,,,,,,,,,,,,,,,,,,,,,,,,,,,,,,,,,,,,,,,,,,,,,
①,HCM,伊藤忠建材様向け 勤怠厳格化対応（鈴与）,内,BS,5a 個別運用保守ｻｰﾋﾞｽ,306,HCM,ISID,ヒト,0,0,0,0,0,0,0,0,0,0,0,0,3614125,3213000,0,0,401125,0.111,0,0,0,0,0,0,0,0,0,0,0,0,0,0,0,0,0,0,0,0,0,0,0,0,0,0,0,0,0,0,0,0,0,0,0,0,0,0,0,0,0,0,0,0,0,0,0,0,0,0,0,0,0,0
①,HCM,伊藤忠建材様向け 子の看護介護休暇時間取得対応（鈴与）,内,BS,5a 個別運用保守ｻｰﾋﾞｽ,306,HCM,ISID,ヒト,0,0,0,0,0,0,2714766,2413125,0,0,301641,0.111,0,0,0,0,0,0,0,0,0,0,0,0,0,0,0,0,0,0,0,0,0,0,0,0,0,0,0,0,0,0,0,0,0,0,0,0,0,0,0,0,0,0,0,0,0,0,0,0,0,0,0,0,0,0,0,0,0,0,0,0
①,HCM,リケン向け サーバーリプレイス対応（鈴与）,内,BS,5a 個別運用保守ｻｰﾋﾞｽ,306,HCM,ISID,ヒト,0,0,0,0,0,0,0,0,0,0,0,0,176344,156750,0,0,19594,0.111,0,0,0,0,0,0,0,0,0,0,0,0,0,0,0,0,0,0,0,0,0,0,0,0,0,0,0,0,0,0,0,0,0,0,0,0,0,0,0,0,0,0,0,0,0,0,0,0,0,0,0,0,0,0
③,HCM,AMD リオーダ-SB・Oraバージョンアップ（鈴与）,内,BS,5a 個別運用保守ｻｰﾋﾞｽ,306,HCM,ISID,ヒト,,,,,,,,,,,,,,,,,,,,,,,,,,,,,,,,,,,,,,,,,,,,,,,,,,,,,,,,,,,,,,,,,,,,,,,,
①,HCM,JBK リオーダ-人事制度改定（鈴与）,内,BS,5a 個別運用保守ｻｰﾋﾞｽ,306,HCM,ISID,ヒト,0,0,0,0,0,0,0,0,0,0,0,0,0,0,0,0,0,0,0,0,0,0,0,0,0,0,0,0,0,0,0,0,0,0,0,0,0,0,0,0,0,0,0,0,0,0,0,0,3298031,2946000,0,0,352031,0.107,0,0,0,0,0,0,0,0,0,0,0,0,0,0,0,0,0,0
④,HCM,KT リオーダ-基盤更改（鈴与）,内,BS,5a 個別運用保守ｻｰﾋﾞｽ,306,HCM,ISID,ヒト,,,,,,,,,,,,,,,,,,,,,,,,,,,,,,,,,,,,,,,,,,,,,,,,,,,,,,,,,,,,,,,,,,,,,,,,
①,HCM,MUBK リオーダ-不妊治療取得（鈴与）,内,BS,5a 個別運用保守ｻｰﾋﾞｽ,306,HCM,ISID,ヒト,0,0,0,0,0,0,0,0,0,0,0,0,1512859,1344750,0,0,168109,0.111,0,0,0,0,0,0,0,0,0,0,0,0,0,0,0,0,0,0,0,0,0,0,0,0,0,0,0,0,0,0,0,0,0,0,0,0,0,0,0,0,0,0,0,0,0,0,0,0,0,0,0,0,0,0
①,HCM,MUBK リオーダ-MUBK様向け勤怠日次（ログ）データ取込（要件定義）（鈴与）,内,BS,5a 個別運用保守ｻｰﾋﾞｽ,306,HCM,ISID,ヒト,0,0,0,0,0,0,470254,418000,0,0,52254,0.111,0,0,0,0,0,0,0,0,0,0,0,0,0,0,0,0,0,0,0,0,0,0,0,0,0,0,0,0,0,0,0,0,0,0,0,0,0,0,0,0,0,0,0,0,0,0,0,0,0,0,0,0,0,0,0,0,0,0,0,0
①,HCM,MUBK リオーダ-MUBK様向け勤怠日次データ取込（設計～結合テスト）（鈴与）,内,BS,5a 個別運用保守ｻｰﾋﾞｽ,306,HCM,ISID,ヒト,0,0,0,0,0,0,0,0,0,0,0,0,2699324,2400000,0,0,299324,0.111,0,0,0,0,0,0,0,0,0,0,0,0,0,0,0,0,0,0,0,0,0,0,0,0,0,0,0,0,0,0,0,0,0,0,0,0,0,0,0,0,0,0,0,0,0,0,0,0,0,0,0,0,0,0
①,HCM,AOKI リオーダ-AOKI様向け2021年4月給与制度変更対応（鈴与）,内,BS,5a 個別運用保守ｻｰﾋﾞｽ,306,HCM,ISID,ヒト,0,0,0,0,0,0,0,0,0,0,0,0,0,0,0,0,0,0,1242152,1104000,0,0,138152,0.111,0,0,0,0,0,0,0,0,0,0,0,0,0,0,0,0,0,0,0,0,0,0,0,0,0,0,0,0,0,0,0,0,0,0,0,0,0,0,0,0,0,0,0,0,0,0,0,0
③,HCM,ISID給与（斎藤・笹野）,内,BS,5a 個別運用保守ｻｰﾋﾞｽ,306,HCM,ISID,ヒト,,,,,,,,,,,,,,,,,,,,,,,,,,,,,,,,,,,,,,,,,,,,,,,,,,,,,,,,,,,,,,,,,,,,,,,,
①,HCM,ISID給与確定（斎藤・笹野）,内,BS,5a 個別運用保守ｻｰﾋﾞｽ,306,HCM,ISID,ヒト,,,,,0,0,,,,,0,0,1200000,,0,594000,606000,0.505,1200000,,0,594000,606000,0.505,1200000,,0,594000,606000,0.505,1200000,,0,594000,606000,0.505,,,,,0,0,,,,,0,0,,,,,0,0,,,,,0,0,,,,,0,0,,,,,0,0
①,HCM,キタムラ　ユーシーエス追加対応,内,BS,5a 個別運用保守ｻｰﾋﾞｽ,306,HCM,ISID,ヒト,,,,,0,0,417656,371250,0,0,46406,0.111,0,0,0,0,0,0,,,,,0,0,,,,,0,0,,,,,0,0,,,,,0,0,,,,,0,0,,,,,0,0,,,,,0,0,,,,,0,0,,,,,0,0
①,HCM,キタムラ　2021制度変更対応,内,BS,5a 個別運用保守ｻｰﾋﾞｽ,306,HCM,ISID,ヒト,,,,,0,0,,,,,0,0,,,,,0,0,,,,,0,0,,,,,0,0,4524609,4021875,0,0,502734,0.111,,,,,0,0,,,,,0,0,,,,,0,0,,,,,0,0,,,,,0,0,,,,,0,0
④,HCM,ポーラ Edge対応,内,BS,5a 個別運用保守ｻｰﾋﾞｽ,306,HCM,ISID,ヒト,,,,,,,,,,,,,,,,,,,,,,,,,,,,,,,,,,,,,,,,,,,,,,,,,,,,,,,,,,,,,,,,,,,,,,,,
①,HCM,ポーラ 安否確認システムI/F（要件定義）,内,BS,5a 個別運用保守ｻｰﾋﾞｽ,306,HCM,ISID,ヒト,0,0,0,0,0,0,0,0,0,0,0,0,0,0,0,0,0,0,411473,365750,0,0,45723,0.111,0,0,0,0,0,0,0,0,0,0,0,0,0,0,0,0,0,0,,,,,0,0,,,,,0,0,,,,,0,0,,,,,0,0,,,,,0,0
①,HCM,栄光 打刻システムI/F,内,BS,5a 個別運用保守ｻｰﾋﾞｽ,306,HCM,ISID,ヒト,,,,,0,0,,,,,0,0,,,,,0,0,,,,,0,0,,,,,0,0,2218240,1971750,0,0,246490,0.111,,,,,0,0,,,,,0,0,,,,,0,0,,,,,0,0,,,,,0,0,,,,,0,0
①,HCM,菱電商事　POSITIVE 旧姓利用ワークフロー申請,内,BS,5a 個別運用保守ｻｰﾋﾞｽ,306,HCM,ISID,ヒト,,,,,0,0,,,,,0,0,0,0,0,0,0,0,0,0,,,0,0,580078,515625,,,64453,0.111,,,,,0,0,,,,,0,0,,,,,0,0,,,,,0,0,,,,,0,0,,,,,0,0,,,,,0,0
①,HCM,菱電商事　POSITIVE 執行役員対応,内,BS,5a 個別運用保守ｻｰﾋﾞｽ,306,HCM,ISID,ヒト,,,,,0,0,,,,,0,0,417656,371250,,,46406,0.111,,,,,0,0,,,,,0,0,,,,,0,0,,,,,0,0,,,,,0,0,,,,,0,0,,,,,0,0,,,,,0,0,,,,,0,0
①,HCM,MUBK リオーダ-MUBK様向け勤怠日次データ取込（本番リリース）（鈴与）,内,BS,5a 個別運用保守ｻｰﾋﾞｽ,306,HCM,ISID,ヒト,0,0,0,0,0,0,0,0,0,0,0,0,0,0,0,0,0,0,88172,77750,0,0,10422,0.118,,,,,0,0,,,,,0,0,,,,,0,0,,,,,0,0,,,,,0,0,,,,,0,0,,,,,0,0,,,,,0,0
①,HCM,MUBK リオーダ-MUBK様向け子の看護、介護休暇有給化対応（鈴与）,内,BS,5a 個別運用保守ｻｰﾋﾞｽ,306,HCM,ISID,ヒト,0,0,0,0,0,0,0,0,0,0,0,0,0,0,0,0,0,0,0,0,0,0,0,0,0,0,0,0,0,0,2233710,1985250,0,0,248460,0.111,,,,,0,0,,,,,0,0,,,,,0,0,,,,,0,0,,,,,0,0,,,,,0,0
①,HCM,レリアン様向け　POSITIVE改修対応,内,BS,5a 個別運用保守ｻｰﾋﾞｽ,306,HCM,ISID,ヒト,,,,,0,0,,,,,0,0,,,,,0,0,3199244,2620000,0,0,579244,0.181,,,,,0,0,,,,,0,0,,,,,0,0,,,,,0,0,,,,,0,0,,,,,0,0,,,,,0,0,,,,,0,0
①,HCM,栄光 在宅勤務実績管理対応,内,BS,5a 個別運用保守ｻｰﾋﾞｽ,306,HCM,ISID,ヒト,,,,,0,0,,,,,0,0,,,,,0,0,290815,258500,,,32315,0.111,,,,,0,0,,,,,0,0,,,,,0,0,,,,,0,0,,,,,0,0,,,,,0,0,,,,,0,0,,,,,0,0
①,HCM,TG保守（ソフトハート北田）,内,BS,5a 個別運用保守ｻｰﾋﾞｽ,306,HCM,ISID,ヒト,,,,,0,0,,,,,0,0,,,,,0,0,1133333,850000,,,283333,0.25,1133333,850000,,,283333,0.25,1133333,850000,0,0,283333,0.25,,,,,0,0,,,,,0,0,,,,,0,0,,,,,0,0,,,,,0,0,,,0,0,0,0
①,HCM,TG保守（ソフトハート川添）,内,BS,5a 個別運用保守ｻｰﾋﾞｽ,306,HCM,ISID,ヒト,,,,,0,0,,,,,0,0,,,,,0,0,1000000,750000,,,250000,0.25,1000000,750000,,,250000,0.25,1000000,750000,,,250000,0.25,,,,,0,0,,,,,0,0,,,,,0,0,,,,,0,0,,,,,0,0,,,,,0,0
①,HCM,TG保守（ソフトハート安岐）,内,BS,5a 個別運用保守ｻｰﾋﾞｽ,306,HCM,ISID,ヒト,,,,,0,0,,,,,0,0,,,,,0,0,866666,650000,,,216666,0.25,866666,650000,,,216666,0.25,866666,650000,,,216666,0.25,,,,,0,0,,,,,0,0,,,,,0,0,,,,,0,0,,,,,0,0,,,,,0,0
①,HCM,MUBK リオーダ-MUBK様向け法制度対応PTF対応（2021年3月リリース分）（鈴与）,内,BS,5a 個別運用保守ｻｰﾋﾞｽ,306,HCM,ISID,ヒト,0,0,0,0,0,0,0,0,0,0,0,0,0,0,0,0,0,0,287722,255750,0,0,31972,0.111,,,,,0,0,,,,,0,0,,,,,0,0,,,,,0,0,,,,,0,0,,,,,0,0,,,,,0,0,,,,,0,0
①,HCM,MUBK リオーダ-MUBK様向け欠勤（傷病・事故）取り扱い変更対応（鈴与）,内,BS,5a 個別運用保守ｻｰﾋﾞｽ,306,HCM,ISID,ヒト,0,0,0,0,0,0,0,0,0,0,0,0,0,0,0,0,0,0,0,0,0,0,0,0,0,0,0,0,0,0,2362525,2100000,0,0,262525,0.111,,,,,0,0,,,,,0,0,,,,,0,0,,,,,0,0,,,,,0,0,,,,,0,0
①,HCM,ポーラリオーダ-ポーラ様向け安否確認システムI/F（開発）（鈴与）,内,BS,5a 個別運用保守ｻｰﾋﾞｽ,306,HCM,ISID,ヒト,0,0,0,0,0,0,0,0,0,0,0,0,0,0,0,0,0,0,0,0,0,0,0,0,0,0,0,0,0,0,0,0,0,0,0,0,2880310,2560250,0,0,320060,0.111,,,,,0,0,,,,,0,0,,,,,0,0,,,,,0,0,,,,,0,0
①,HCM,日本光電 保守,内,BS,5a 個別運用保守ｻｰﾋﾞｽ,306,HCM,ISID,ヒト,,,,,0,0,,,,,0,0,,,,,0,0,,,,,0,0,,,,,0,0,,,,,0,0,,,,,0,0,,,,,0,0,,,,,0,0,,,,,0,0,,,,,0,0,1800280,1600000,0,0,200280,0.111
①,HCM,制度変更PTF（2021年3月分）適用作業,内,BS,5a 個別運用保守ｻｰﾋﾞｽ,306,HCM,ISID,ヒト,,,,,0,0,,,,,0,0,,,,,0,0,170156,151250,,,18906,0.111,,,,,0,0,,,,,0,0,,,,,0,0,,,,,0,0,,,,,0,0,,,,,0,0,,,,,0,0,,,,,0,0
③,HCM,伊藤忠建材様向け 就業追加対応,内,BS,5a 個別運用保守ｻｰﾋﾞｽ,306,HCM,ISID,ヒト,,,,,,,,,,,,,,,,,,,,,,,,,,,,,,,,,,,,,,,,,,,,,,,,,,,,,,,,,,,,,,,,,,,,,,,,
④,HCM,AOKI リオーダ-AOKI様向けバージョンアップ対応（鈴与）,内,BS,5a 個別運用保守ｻｰﾋﾞｽ,306,HCM,ISID,ヒト,,,,,,,,,,,,,,,,,,,,,,,,,,,,,,,,,,,,,,,,,,,,,,,,,,,,,,,,,,,,,,,,,,,,,,,,
①,HCM,ISID POSITIVE給与開発,内,BS,5a 個別運用保守ｻｰﾋﾞｽ,306,HCM,ISID,ヒト,,,,,0,0,,,,,0,0,,,,,0,0,,,,,0,0,2615000,1511000,0,0,1104000,0.422,,,,,0,0,,,,,0,0,,,,,0,0,,,,,0,0,,,,,0,0,,,,,0,0,,,,,0,0
①,HCM,ISID POSITIVE給与開発6月,内,BS,5a 個別運用保守ｻｰﾋﾞｽ,306,HCM,ISID,ヒト,,,,,0,0,,,,,0,0,,,,,0,0,,,,,0,0,,,,,0,0,3597000,2444500,,,1152500,0.32,,,,,0,0,,,,,0,0,,,,,0,0,,,,,0,0,,,,,0,0,,,,,0,0
①,HCM,開発・保守案件6月追加契約,内,BS,5a 個別運用保守ｻｰﾋﾞｽ,306,HCM,ISID,ヒト,,,,,0,0,,,,,0,0,,,,,0,0,,,,,0,0,,,,,0,0,984375,875000,,,109375,0.111,,,,,0,0,,,,,0,0,,,,,0,0,,,,,0,0,,,,,0,0,,,,,0,0
①,HCM,MUBK リオーダ-MUBK様向け賞与汎用テーブル桁数変更対応（鈴与）,内,BS,5a 個別運用保守ｻｰﾋﾞｽ,306,HCM,ISID,ヒト,0,0,0,0,0,0,0,0,0,0,0,0,0,0,0,0,0,0,0,0,0,0,0,0,0,0,0,0,0,0,258331,229600,0,0,28731,0.111,,,,,0,0,,,,,0,0,,,,,0,0,,,,,0,0,,,,,0,0,,,,,0,0
①,HCM,AMD様向けSTAFFBRAIN法改正対応PTF（2021年3月分）適用対応,内,BS,5a 個別運用保守ｻｰﾋﾞｽ,306,HCM,ISID,ヒト,,,,,0,0,,,,,0,0,,,,,0,0,,,,,0,0,,,,,0,0,170156,151250,,,18906,0.111,,,,,0,0,,,,,0,0,,,,,0,0,,,,,0,0,,,,,0,0,,,,,0,0
③,HCM,NNN評価シート改修対応,内,BS,5a 個別運用保守ｻｰﾋﾞｽ,306,HCM,ISID,ヒト,,,,,,,,,,,,,,,,,,,,,,,,,,,,,,,,,,,,,,,,,,,,,,,,,,,,,,,,,,,,,,,,,,,,,,,,
①,SS,STRAVIS保守作業,内,BS,5c 業務受託ｻｰﾋﾞｽ,309,STRAVIS,ISID,ヒト,7626150,1410000,,4874100,1342050,0.176,7626150,1410000,,4874100,1342050,0.176,7626150,1410000,,4874100,1342050,0.176,7626150,1410000,,4874100,1342050,0.176,7626150,1410000,,4874100,1342050,0.176,7626150,1410000,,4874100,1342050,0.176,8381000,1410000,,5237100,1733900,0.207,8381000,1410000,,5237100,1733900,0.207,8381000,1410000,,5237100,1733900,0.207,8381000,1410000,,5237100,1733900,0.207,8381000,1410000,,5237100,1733900,0.207,8381000,1410000,,5237100,1733900,0.207
①,SS,STRAVISアドオン開発保守,内,BS,5c 業務受託ｻｰﾋﾞｽ,309,STRAVIS,ISID,ヒト,1611600,1363800,,,247800,0.154,1611600,1363800,,0,247800,0.154,1611600,1363800,,0,247800,0.154,1611600,1363800,,0,247800,0.154,1611600,1363800,,0,247800,0.154,1611600,1363800,,0,247800,0.154,1668000,1363800,,0,304200,0.182,1668000,1363800,,0,304200,0.182,1668000,1363800,,0,304200,0.182,1668000,1363800,,0,304200,0.182,1668000,1363800,,0,304200,0.182,1668000,1363800,,0,304200,0.182
①,SS,STRAVIS関連WEB管理作業,内,BS,5c 業務受託ｻｰﾋﾞｽ,309,STRAVIS,ISID,ヒト,50000,,,30030,19970,0.399,50000,0,,30030,19970,0.399,50000,0,,30030,19970,0.399,50000,0,,30030,19970,0.399,50000,0,,30030,19970,0.399,50000,0,,30030,19970,0.399,50000,0,,30030,19970,0.399,50000,0,,30030,19970,0.399,50000,0,,30030,19970,0.399,50000,0,,30030,19970,0.399,50000,0,,30030,19970,0.399,50000,0,,30030,19970,0.399
①,SS,POSITIVE関連WEB管理作業,内,BS,5c 業務受託ｻｰﾋﾞｽ,309,STRAVIS,ISID,ヒト,20000,,,12870,7130,0.357,20000,0,,12870,7130,0.357,20000,0,,12870,7130,0.357,20000,0,,12870,7130,0.357,20000,0,,12870,7130,0.357,20000,0,,12870,7130,0.357,20000,0,,12870,7130,0.357,20000,0,,12870,7130,0.357,20000,0,,12870,7130,0.357,20000,0,,12870,7130,0.357,20000,0,,12870,7130,0.357,20000,0,,12870,7130,0.357
①,SS,STRAVIS導入作業,内,BS,2a 個別案件型ｼｽﾃﾑ開発,309,STRAVIS,ISID,ヒト,4652800,,,3663000,989800,0.213,4652800,0,,3663000,989800,0.213,4652800,0,,3663000,989800,0.213,4652800,0,,3663000,989800,0.213,4652800,0,,3663000,989800,0.213,4652800,0,,3663000,989800,0.213,4772000,0,,3663000,1109000,0.232,4772000,0,,3663000,1109000,0.232,4772000,0,,3663000,1109000,0.232,4772000,0,,3663000,1109000,0.232,4772000,0,,3663000,1109000,0.232,4772000,0,,3663000,1109000,0.232
①,SS,CI*X導入(社員1名:上田(0.5人月),内,BS,2a 個別案件型ｼｽﾃﾑ開発,309,STRAVIS,ISID,ヒト,0,,,0,0,0,0,0,,0,0,0,0,0,,0,0,0,0,0,,0,0,0,0,0,,0,0,0,0,0,,0,0,0,0,0,,0,0,0,0,0,,0,0,0,0,0,,0,0,0,0,0,,0,0,0,0,0,,0,0,0,0,0,,0,0,0
①,SS,STRAVISサポート(Mamasan社分),内,BS,5c 業務受託ｻｰﾋﾞｽ,309,STRAVIS,ISID,ヒト,1470000,1140000,,,330000,0.224,1470000,1140000,,0,330000,0.224,1470000,1140000,,0,330000,0.224,1470000,1140000,,0,330000,0.224,1470000,1222500,,0,247500,0.168,1470000,1222500,,0,247500,0.168,1470000,1140000,,0,330000,0.224,1470000,1140000,,0,330000,0.224,1470000,1140000,,0,330000,0.224,1470000,1140000,,0,330000,0.224,1470000,1140000,,0,330000,0.224,1470000,1140000,,0,330000,0.224
①,SS,STRAVIS(保守_単価アップ2021年追加分）,内,BS,5c 業務受託ｻｰﾋﾞｽ,309,STRAVIS,ISID,ヒト,322350,,,,322350,1,322350,,,,322350,1,322350,,,,322350,1,322350,,,,322350,1,322350,,,,322350,1,322350,,,,322350,1,0,,,,0,0,0,,,,0,0,0,,,,0,0,0,,,,0,0,0,,,,0,0,0,,,,0,0
①,SS,STRAVIS(アドオン_単価アップ2021年追加分）,内,BS,5c 業務受託ｻｰﾋﾞｽ,309,STRAVIS,ISID,ヒト,56400,,,,56400,1,56400,,,,56400,1,56400,,,,56400,1,56400,,,,56400,1,56400,,,,56400,1,56400,,,,56400,1,0,,,,0,0,0,,,,0,0,0,,,,0,0,0,,,,0,0,0,,,,0,0,0,,,,0,0
①,SS,STRAVIS(導入_単価アップ2021年追加分）,内,BS,2a 個別案件型ｼｽﾃﾑ開発,309,STRAVIS,ISID,ヒト,119200,,,,119200,1,119200,,,,119200,1,119200,,,,119200,1,119200,,,,119200,1,119200,,,,119200,1,119200,,,,119200,1,0,,,,0,0,0,,,,0,0,0,,,,0,0,0,,,,0,0,0,,,,0,0,0,,,,0,0
①,SS,Ci*X(社員1名　単価アップ2021年追加分),内,BS,2a 個別案件型ｼｽﾃﾑ開発,309,STRAVIS,ISID,ヒト,0,,,,0,0,0,,,,0,0,0,,,,0,0,0,,,,0,0,0,,,,0,0,0,,,,0,0,0,,,,0,0,0,,,,0,0,0,,,,0,0,0,,,,0,0,0,,,,0,0,0,,,,0,0
④,SS,★STRAVISアドオン(TP1名 1月～）,対象外,BS,5c 業務受託ｻｰﾋﾞｽ,309,STRAVIS,ISID,ヒト,,,,,,,,,,,,,,,,,,,,,,,,,,,,,,,,,,,,,,,,,,,,,,,,,,,,,,,,,,,,,,,,,,,,,,,,
①,SS,STRAVIS導入(社員 角度変更後既存案件にマージ),内,BS,2a 個別案件型ｼｽﾃﾑ開発,309,STRAVIS,ISID,ヒト,292500,,,495000,-202500,-0.692,585000,,,495000,90000,0.154,585000,,,495000,90000,0.154,585000,,,495000,90000,0.154,585000,,,495000,90000,0.154,585000,,,495000,90000,0.154,585000,,,495000,90000,0.154,585000,,,495000,90000,0.154,585000,,,495000,90000,0.154,585000,,,495000,90000,0.154,585000,,,495000,90000,0.154,585000,,,495000,90000,0.154
④,SS,★CI*X導入(TP1名 2月～),対象外,BS,2a 個別案件型ｼｽﾃﾑ開発,309,STRAVIS,ISID,ヒト,,,,,,,,,,,,,,,,,,,,,,,,,,,,,,,,,,,,,,,,,,,,,,,,,,,,,,,,,,,,,,,,,,,,,,,,
④,SS,CI*X導入(中採社員4月～),内,BS,2a 個別案件型ｼｽﾃﾑ開発,309,STRAVIS,ISID,ヒト,,,,,,,,,,,,,,,,,,,,,,,,,,,,,,,,,,,,,,,,,,,,,,,,,,,,,,,,,,,,,,,,,,,,,,,,
④,SS,★CI*X導入(TP1名 7月~),対象外,BS,2a 個別案件型ｼｽﾃﾑ開発,309,STRAVIS,ISID,ヒト,,,,,,,,,,,,,,,,,,,,,,,,,,,,,,,,,,,,,,,,,,,,,,,,,,,,,,,,,,,,,,,,,,,,,,,,
④,SS,★CI*X導入(TP1名 10月~),対象外,BS,2a 個別案件型ｼｽﾃﾑ開発,309,STRAVIS,ISID,ヒト,,,,,,,,,,,,,,,,,,,,,,,,,,,,,,,,,,,,,,,,,,,,,,,,,,,,,,,,,,,,,,,,,,,,,,,,
①,SS,STRAVISアドオン開発保守TP追加(IT諸隈),内,BS,5c 業務受託ｻｰﾋﾞｽ,309,STRAVIS,ISID,ヒト,917500,780000,,,137500,0.15,917500,780000,,,137500,0.15,917500,780000,,,137500,0.15,917500,780000,,,137500,0.15,917500,780000,,,137500,0.15,917500,780000,,,137500,0.15,917500,780000,,,137500,0.15,917500,780000,,,137500,0.15,917500,780000,,,137500,0.15,917500,780000,,,137500,0.15,917500,780000,,,137500,0.15,917500,780000,,,137500,0.15
①,SS,STRAVIS保守作業(イービジネス鄭),内,BS,5c 業務受託ｻｰﾋﾞｽ,309,STRAVIS,ISID,ヒト,300000,300000,,,0,0,300000,300000,,,0,0,300000,300000,,,0,0,350000,300000,,,50000,0.143,350000,300000,,,50000,0.143,350000,300000,,,50000,0.143,,,,,0,0,,,,,0,0,,,,,0,0,,,,,0,0,,,,,0,0,,,,,0,0
①,SS,STRAVISマニュアル作成支援業務,内,BS,5c 業務受託ｻｰﾋﾞｽ,309,STRAVIS,ISID,ヒト,48000,35200,,,12800,0.267,216000,158400,,,57600,0.267,276000,202400,,,73600,0.267,90000,66000,,,24000,0.267,90000,66000,,,24000,0.267,90000,66000,,,24000,0.267,,,,,0,0,,,,,0,0,,,,,0,0,,,,,0,0,,,,,0,0,,,,,0,0
①,SS,CI*X導入(クボタ　3-4月案件）,内,BS,2a 個別案件型ｼｽﾃﾑ開発,309,STRAVIS,ISID,ヒト,,,,,0,0,,,,,0,0,0,,,0,0,0,778500,,,653400,125100,0.161,,,,,0,0,,,,,0,0,,,,,0,0,,,,,0,0,,,,,0,0,,,,,0,0,,,,,0,0,,,,,0,0
①,SS,CI*X導入(カネカ　3-5月案件）,内,BS,2a 個別案件型ｼｽﾃﾑ開発,309,STRAVIS,ISID,ヒト,,,,,0,0,,,,,0,0,0,,,0,0,0,0,,,0,0,0,100000,,,72600,27400,0.274,,,,,0,0,,,,,0,0,,,,,0,0,,,,,0,0,,,,,0,0,,,,,0,0,,,,,0,0
①,SS,CI*X導入(クボタ　5-6月案件）,内,BS,2a 個別案件型ｼｽﾃﾑ開発,309,STRAVIS,ISID,ヒト,,,,,0,0,,,,,0,0,,,,,0,0,,,,,0,0,0,,,0,0,0,1000000,,,726000,274000,0.274,,,,,0,0,,,,,0,0,,,,,0,0,,,,,0,0,,,,,0,0,,,,,0,0
③,SS,CI*X導入(no-name案件）,内,BS,2a 個別案件型ｼｽﾃﾑ開発,309,STRAVIS,ISID,ヒト,,,,,,,,,,,,,,,,,,,,,,,,,,,,,,,,,,,,,,,,,,,,,,,,,,,,,,,,,,,,,,,,,,,,,,,,
①,プ基技,STRAVISインフラ支援　単月契約TP,内,BS,5a 個別運用保守ｻｰﾋﾞｽ,211,STRSVISｲﾝﾌﾗ,ISID,ヒト,,,,,0,0,,,,,0,0,,,,,0,0,,,,,0,0,320000,276000,0,0,44000,0.138,320000,276000,,,44000,0.138,,,,,0,0,,,,,0,0,,,,,0,0,,,,,0,0,,,,,0,0,,,,,0,0
①,プ基技,STRAVISインフラ支援（受注）,内,BS,5a 個別運用保守ｻｰﾋﾞｽ,211,STRSVISｲﾝﾌﾗ,ISID,ヒト,17870000,9394000,100000,5907000,2469000,0.138,17660000,8920000,50000,5907000,2783000,0.158,17660000,8920000,50000,5907000,2783000,0.158,17600000,8846000,50000,5907000,2797000,0.159,17280000,8570000,50000,5907000,2753000,0.159,17280000,8570000,50000,5907000,2753000,0.159,,,,,0,0,,,,,0,0,,,,,0,0,,,,,0,0,,,,,0,0,,,,,0,0
②,プ基技,STRAVISインフラ支援（確定）,内,BS,5a 個別運用保守ｻｰﾋﾞｽ,211,STRSVISｲﾝﾌﾗ,ISID,ヒト,0,0,0,0,0,0,0,0,0,0,0,0,0,0,0,0,0,0,0,0,0,0,0,0,0,0,0,0,0,0,0,0,0,0,0,0,16960000,8364000,100000,5907000,2589000,0.153,16960000,8364000,100000,5907000,2589000,0.153,16960000,8364000,100000,5907000,2589000,0.153,16960000,8364000,100000,5907000,2589000,0.153,16960000,8364000,100000,5907000,2589000,0.153,16960000,8364000,100000,5907000,2589000,0.153
③,プ基技,STRAVISインフラ支援（未確定）,内,BS,5a 個別運用保守ｻｰﾋﾞｽ,211,STRSVISｲﾝﾌﾗ,ISID,ヒト,,,,,,,,,,,,,,,,,,,,,,,,,,,,,,,,,,,,,,,,,,,,,,,,,,,,,,,,,,,,,,,,,,,,,,,,
④,プ基技,★増員 Stravis,対象外,BS,5a 個別運用保守ｻｰﾋﾞｽ,211,STRSVISｲﾝﾌﾗ,ISID,ヒト,,,,,,,,,,,,,,,,,,,,,,,,,,,,,,,,,,,,,,,,,,,,,,,,,,,,,,,,,,,,,,,,,,,,,,,,
①,プ基技,POSITIVEインフラ支援　東（受注）,内,BS,5a 個別運用保守ｻｰﾋﾞｽ,210,HCMインフラ,ISID,ヒト,4051000,1400000,35000,2323200,292800,0.072,4051000,1400000,35000,2323200,292800,0.072,4051000,1400000,35000,2323200,292800,0.072,5050000,1640000,35000,2323200,1051800,0.208,5050000,1640000,35000,2323200,1051800,0.208,5050000,1640000,35000,2323200,1051800,0.208,,,,,0,0,,,,,0,0,,,,,0,0,,,,,0,0,,,,,0,0,,,,,0,0
②,プ基技,POSITIVEインフラ支援　東（確定）,内,BS,5a 個別運用保守ｻｰﾋﾞｽ,210,HCMインフラ,ISID,ヒト,0,0,0,0,0,0,0,0,0,0,0,0,0,0,0,0,0,0,0,0,0,0,0,0,0,0,0,0,0,0,0,0,0,0,0,0,4051000,840000,35000,2323200,852800,0.211,4051000,840000,35000,2323200,852800,0.211,4051000,840000,35000,2323200,852800,0.211,4051000,840000,35000,2323200,852800,0.211,4051000,840000,35000,2323200,852800,0.211,4051000,840000,35000,2323200,852800,0.211
③,プ基技,POSITIVEインフラ支援　東（未確定）,内,BS,5a 個別運用保守ｻｰﾋﾞｽ,210,HCMインフラ,ISID,ヒト,,,,,,,,,,,,,,,,,,,,,,,,,,,,,,,,,,,,,,,,,,,,,,,,,,,,,,,,,,,,,,,,,,,,,,,,
④,プ基技,増員 Positive,内,BS,5a 個別運用保守ｻｰﾋﾞｽ,210,HCMインフラ,ISID,ヒト,,,,,,,,,,,,,,,,,,,,,,,,,,,,,,,,,,,,,,,,,,,,,,,,,,,,,,,,,,,,,,,,,,,,,,,,
①,プ基技,POSITIVE ISID給与導入インフラ,内,BS,5a 個別運用保守ｻｰﾋﾞｽ,210,HCMインフラ,ISID,ヒト,0,0,0,0,0,0,0,0,0,0,0,0,402500,0,254100,0,148400,0.369,862500,0,544500,0,318000,0.369,862500,0,544500,0,318000,0.369,575000,0,363000,0,212000,0.369,0,0,0,0,0,0,0,0,0,0,0,0,0,0,0,0,0,0,,,,,0,0,,,,,0,0,,,,,0,0
③,プ基技,POSITIVE ISID給与導入インフラ【未確定】,内,BS,5a 個別運用保守ｻｰﾋﾞｽ,210,HCMインフラ,ISID,ヒト,,,,,,,,,,,,,,,,,,,,,,,,,,,,,,,,,,,,,,,,,,,,,,,,,,,,,,,,,,,,,,,,,,,,,,,,
①,プ基技,ISID POSITIVE 給与 AWS利用料(確定),内,BS,5a 個別運用保守ｻｰﾋﾞｽ,210,HCMインフラ,ISID,ヒト,,,,,0,0,,,,,0,0,,,,,0,0,0,0,0,0,0,0,86334,0,77700,0,8634,0.1,196682,0,177014,0,19668,0.1,278574,0,250716,0,27858,0.1,,,,,0,0,,,,,0,0,,,,,0,0,,,,,0,0,,,,,0,0
③,プ基技,ISID POSITIVE 給与 AWS利用料(未確定),内,BS,5a 個別運用保守ｻｰﾋﾞｽ,210,HCMインフラ,ISID,ヒト,,,,,,,,,,,,,,,,,,,,,,,,,,,,,,,,,,,,,,,,,,,,,,,,,,,,,,,,,,,,,,,,,,,,,,,,
①,ソリ開1,モスフードサービス様アプリ保守運用作業(1Q),内,CIT,2b 個別案件型ｼｽﾃﾑ開発保守ｻｰﾋﾞｽ,405,APL,ISID,ヒト,6100000,2224000,30000,2042700,1803300,0.296,6100000,2302000,30000,2042700,1725300,0.283,6100000,2380000,30000,1824900,1865100,0.306,0,0,0,0,0,0,0,0,0,0,0,0,0,0,0,0,0,0,0,0,0,0,0,0,0,0,0,0,0,0,0,0,0,0,0,0,0,0,0,0,0,0,0,0,0,0,0,0,0,0,0,0,0,0
①,ソリ開1,モスフードサービス様アプリ保守運用作業(2Q),内,CIT,2b 個別案件型ｼｽﾃﾑ開発保守ｻｰﾋﾞｽ,405,APL,ISID,ヒト,0,0,0,0,0,0,0,0,0,0,0,0,0,0,0,0,0,0,6100000,2380000,30000,2187900,1502100,0.246,6100000,2380000,30000,2187900,1502100,0.246,6100000,2380000,30000,2187900,1502100,0.246,0,0,0,0,0,0,0,0,0,0,0,0,0,0,0,0,0,0,0,0,0,0,0,0,0,0,0,0,0,0,0,0,0,0,0,0
①,ソリ開1,モスフードサービス様アプリ保守運用作業(3Q),内,CIT,2b 個別案件型ｼｽﾃﾑ開発保守ｻｰﾋﾞｽ,405,APL,ISID,ヒト,0,0,0,0,0,0,0,0,0,0,0,0,0,0,0,0,0,0,0,0,0,0,0,0,0,0,0,0,0,0,0,0,0,0,0,0,6100000,2380000,30000,2187900,1502100,0.246,6100000,2380000,30000,2187900,1502100,0.246,6100000,2380000,30000,2187900,1502100,0.246,0,0,0,0,0,0,0,0,0,0,0,0,0,0,0,0,0,0
①,ソリ開1,モスフードサービス様アプリ保守運用作業(4Q),内,CIT,2b 個別案件型ｼｽﾃﾑ開発保守ｻｰﾋﾞｽ,405,APL,ISID,ヒト,0,0,0,0,0,0,0,0,0,0,0,0,0,0,0,0,0,0,0,0,0,0,0,0,0,0,0,0,0,0,0,0,0,0,0,0,0,0,0,0,0,0,0,0,0,0,0,0,0,0,0,0,0,0,6100000,2380000,30000,2187900,1502100,0.246,6100000,2380000,30000,2187900,1502100,0.246,6100000,2380000,30000,2187900,1502100,0.246
①,ソリ開1,エムエイチエス様アプリ保守運用作業(1Q),内,CIT,2b 個別案件型ｼｽﾃﾑ開発保守ｻｰﾋﾞｽ,405,APL,ISID,ヒト,300000,0,0,217800,82200,0.274,300000,0,0,217800,82200,0.274,300000,0,0,217800,82200,0.274,0,0,0,0,0,0,0,0,0,0,0,0,0,0,0,0,0,0,0,0,0,0,0,0,0,0,0,0,0,0,0,0,0,0,0,0,0,0,0,0,0,0,0,0,0,0,0,0,0,0,0,0,0,0
①,ソリ開1,エムエイチエス様アプリ保守運用作業(2Q),内,CIT,2b 個別案件型ｼｽﾃﾑ開発保守ｻｰﾋﾞｽ,405,APL,ISID,ヒト,0,0,0,0,0,0,0,0,0,0,0,0,0,0,0,0,0,0,300000,0,0,217800,82200,0.274,300000,0,0,217800,82200,0.274,300000,0,0,217800,82200,0.274,0,0,0,0,0,0,0,0,0,0,0,0,0,0,0,0,0,0,0,0,0,0,0,0,0,0,0,0,0,0,0,0,0,0,0,0
①,ソリ開1,エムエイチエス様アプリ保守運用作業(3Q),内,CIT,2b 個別案件型ｼｽﾃﾑ開発保守ｻｰﾋﾞｽ,405,APL,ISID,ヒト,0,0,0,0,0,0,0,0,0,0,0,0,0,0,0,0,0,0,0,0,0,0,0,0,0,0,0,0,0,0,0,0,0,0,0,0,300000,0,0,217800,82200,0.274,300000,0,0,217800,82200,0.274,300000,0,0,217800,82200,0.274,0,0,0,0,0,0,0,0,0,0,0,0,0,0,0,0,0,0
①,ソリ開1,エムエイチエス様アプリ保守運用作業(4Q),内,CIT,2b 個別案件型ｼｽﾃﾑ開発保守ｻｰﾋﾞｽ,405,APL,ISID,ヒト,0,0,0,0,0,0,0,0,0,0,0,0,0,0,0,0,0,0,0,0,0,0,0,0,0,0,0,0,0,0,0,0,0,0,0,0,0,0,0,0,0,0,0,0,0,0,0,0,0,0,0,0,0,0,300000,0,0,217800,82200,0.274,300000,0,0,217800,82200,0.274,300000,0,0,217800,82200,0.274
④,ソリ開1,透明性ガイドライン(1Q),内,CIT,2b 個別案件型ｼｽﾃﾑ開発保守ｻｰﾋﾞｽ,405,APL,ISID,ヒト,,,,,,,,,,,,,,,,,,,,,,,,,,,,,,,,,,,,,,,,,,,,,,,,,,,,,,,,,,,,,,,,,,,,,,,,
④,ソリ開1,透明性ガイドライン(2Q),内,CIT,2b 個別案件型ｼｽﾃﾑ開発保守ｻｰﾋﾞｽ,405,APL,ISID,ヒト,,,,,,,,,,,,,,,,,,,,,,,,,,,,,,,,,,,,,,,,,,,,,,,,,,,,,,,,,,,,,,,,,,,,,,,,
③,ソリ開1,透明性ガイドライン(3Q),内,CIT,2b 個別案件型ｼｽﾃﾑ開発保守ｻｰﾋﾞｽ,405,APL,ISID,ヒト,,,,,,,,,,,,,,,,,,,,,,,,,,,,,,,,,,,,,,,,,,,,,,,,,,,,,,,,,,,,,,,,,,,,,,,,
③,ソリ開1,透明性ガイドライン(4Q),内,CIT,2b 個別案件型ｼｽﾃﾑ開発保守ｻｰﾋﾞｽ,405,APL,ISID,ヒト,,,,,,,,,,,,,,,,,,,,,,,,,,,,,,,,,,,,,,,,,,,,,,,,,,,,,,,,,,,,,,,,,,,,,,,,
①,ソリ開1,フランスベッド様システム保守運用作業(1Q),内,CIT,2b 個別案件型ｼｽﾃﾑ開発保守ｻｰﾋﾞｽ,405,APL,ISID,ヒト,950000,750000,5000,0,195000,0.205,950000,750000,5000,0,195000,0.205,950000,750000,5000,0,195000,0.205,0,0,0,0,0,0,0,0,0,0,0,0,0,0,0,0,0,0,0,0,0,0,0,0,0,0,0,0,0,0,0,0,0,0,0,0,0,0,0,0,0,0,0,0,0,0,0,0,0,0,0,0,0,0
①,ソリ開1,フランスベッド様システム保守運用作業(2Q),内,CIT,2b 個別案件型ｼｽﾃﾑ開発保守ｻｰﾋﾞｽ,405,APL,ISID,ヒト,0,0,0,0,0,0,0,0,0,0,0,0,0,0,0,0,0,0,1650000,750000,10000,508200,381800,0.231,1650000,750000,10000,508200,381800,0.231,1650000,750000,10000,508200,381800,0.231,0,0,0,0,0,0,0,0,0,0,0,0,0,0,0,0,0,0,0,0,0,0,0,0,0,0,0,0,0,0,0,0,0,0,0,0
①,ソリ開1,フランスベッド様システム保守運用作業(3Q),内,CIT,2b 個別案件型ｼｽﾃﾑ開発保守ｻｰﾋﾞｽ,405,APL,ISID,ヒト,0,0,0,0,0,0,0,0,0,0,0,0,0,0,0,0,0,0,0,0,0,0,0,0,0,0,0,0,0,0,0,0,0,0,0,0,1650000,750000,10000,508200,381800,0.231,1650000,750000,10000,508200,381800,0.231,1650000,750000,10000,508200,381800,0.231,0,0,0,0,0,0,0,0,0,0,0,0,0,0,0,0,0,0
①,ソリ開1,フランスベッド様システム保守運用作業(4Q),内,CIT,2b 個別案件型ｼｽﾃﾑ開発保守ｻｰﾋﾞｽ,405,APL,ISID,ヒト,0,0,0,0,0,0,0,0,0,0,0,0,0,0,0,0,0,0,0,0,0,0,0,0,0,0,0,0,0,0,0,0,0,0,0,0,0,0,0,0,0,0,0,0,0,0,0,0,0,0,0,0,0,0,1650000,750000,10000,508200,381800,0.231,1650000,750000,10000,508200,381800,0.231,1650000,750000,10000,508200,381800,0.231
④,ソリ開1,フランスベッド様システム保守運用作業_要員追加(2Q),内,CIT,2b 個別案件型ｼｽﾃﾑ開発保守ｻｰﾋﾞｽ,405,APL,ISID,ヒト,,,,,,,,,,,,,,,,,,,,,,,,,,,,,,,,,,,,,,,,,,,,,,,,,,,,,,,,,,,,,,,,,,,,,,,,
④,ソリ開1,フランスベッド様システム保守運用作業_要員追加(3Q),内,CIT,2b 個別案件型ｼｽﾃﾑ開発保守ｻｰﾋﾞｽ,405,APL,ISID,ヒト,,,,,,,,,,,,,,,,,,,,,,,,,,,,,,,,,,,,,,,,,,,,,,,,,,,,,,,,,,,,,,,,,,,,,,,,
④,ソリ開1,フランスベッド様システム保守運用作業_要員追加(4Q),内,CIT,2b 個別案件型ｼｽﾃﾑ開発保守ｻｰﾋﾞｽ,405,APL,ISID,ヒト,,,,,,,,,,,,,,,,,,,,,,,,,,,,,,,,,,,,,,,,,,,,,,,,,,,,,,,,,,,,,,,,,,,,,,,,
①,ソリ開1,ネオス 情報システム業務支援,外,CIT,2b 個別案件型ｼｽﾃﾑ開発保守ｻｰﾋﾞｽ,999,その他,ネオス,ヒト,1000000,0,3000,726000,271000,0.271,1000000,0,3000,726000,271000,0.271,1000000,0,3000,726000,271000,0.271,1000000,0,3000,726000,271000,0.271,1000000,0,3000,726000,271000,0.271,1000000,0,3000,726000,271000,0.271,1000000,0,3000,726000,271000,0.271,1000000,0,3000,726000,271000,0.271,1000000,0,3000,726000,271000,0.271,1000000,0,3000,726000,271000,0.271,1000000,0,3000,726000,271000,0.271,1000000,0,3000,726000,271000,0.271
①,ソリ開1,ネオス BOライセンス保守,外,CIT,6b 情報機器･その他ｿﾌﾄ保守,999,その他,ネオス,モノ,376358,0,331340,0,45018,0.12,376358,0,331340,0,45018,0.12,376358,0,331340,0,45018,0.12,376358,0,331340,0,45018,0.12,376358,0,331340,0,45018,0.12,376358,0,331340,0,45018,0.12,376358,0,331340,0,45018,0.12,376358,0,331340,0,45018,0.12,376358,0,331340,0,45018,0.12,376358,0,331340,0,45018,0.12,376358,0,331340,0,45018,0.12,376362,0,331340,0,45022,0.12
①,ソリ開1,OutSystems製品保守（ES1Q）,内,CIT,2b 個別案件型ｼｽﾃﾑ開発保守ｻｰﾋﾞｽ,405,APL,ISID,ヒト,226950,0,0,163350,63600,0.28,226950,0,0,163350,63600,0.28,226950,0,0,163350,63600,0.28,0,0,0,0,0,0,0,0,0,0,0,0,0,0,0,0,0,0,0,0,0,0,0,0,0,0,0,0,0,0,0,0,0,0,0,0,0,0,0,0,0,0,0,0,0,0,0,0,0,0,0,0,0,0
①,ソリ開1,OutSystems製品保守（EIT1Q）,内,CIT,2b 個別案件型ｼｽﾃﾑ開発保守ｻｰﾋﾞｽ,405,APL,ISID,ヒト,28050,0,0,18150,9900,0.353,28050,0,0,18150,9900,0.353,28050,0,0,18150,9900,0.353,0,0,0,0,0,0,0,0,0,0,0,0,0,0,0,0,0,0,0,0,0,0,0,0,0,0,0,0,0,0,0,0,0,0,0,0,0,0,0,0,0,0,0,0,0,0,0,0,0,0,0,0,0,0
①,ソリ開1,OutSystems製品保守（ES2Q）,内,CIT,2b 個別案件型ｼｽﾃﾑ開発保守ｻｰﾋﾞｽ,405,APL,ISID,ヒト,0,0,0,0,0,0,0,0,0,0,0,0,0,0,0,0,0,0,226950,0,0,163350,63600,0.28,226950,0,0,163350,63600,0.28,226950,0,0,163350,63600,0.28,0,0,0,0,0,0,0,0,0,0,0,0,0,0,0,0,0,0,0,0,0,0,0,0,0,0,0,0,0,0,0,0,0,0,0,0
①,ソリ開1,OutSystems製品保守（EIT2Q）,内,CIT,2b 個別案件型ｼｽﾃﾑ開発保守ｻｰﾋﾞｽ,405,APL,ISID,ヒト,0,0,0,0,0,0,0,0,0,0,0,0,0,0,0,0,0,0,28050,0,0,18150,9900,0.353,28050,0,0,18150,9900,0.353,28050,0,0,18150,9900,0.353,0,0,0,0,0,0,0,0,0,0,0,0,0,0,0,0,0,0,0,0,0,0,0,0,0,0,0,0,0,0,0,0,0,0,0,0
②,ソリ開1,OutSystems製品保守（ES3Q）,内,CIT,2b 個別案件型ｼｽﾃﾑ開発保守ｻｰﾋﾞｽ,405,APL,ISID,ヒト,0,0,0,0,0,0,0,0,0,0,0,0,0,0,0,0,0,0,0,0,0,0,0,0,0,0,0,0,0,0,0,0,0,0,0,0,226950,0,0,163350,63600,0.28,226950,0,0,163350,63600,0.28,226950,0,0,163350,63600,0.28,0,0,0,0,0,0,0,0,0,0,0,0,0,0,0,0,0,0
②,ソリ開1,OutSystems製品保守（EIT3Q）,内,CIT,2b 個別案件型ｼｽﾃﾑ開発保守ｻｰﾋﾞｽ,405,APL,ISID,ヒト,0,0,0,0,0,0,0,0,0,0,0,0,0,0,0,0,0,0,0,0,0,0,0,0,0,0,0,0,0,0,0,0,0,0,0,0,28050,0,0,18150,9900,0.353,28050,0,0,18150,9900,0.353,28050,0,0,18150,9900,0.353,0,0,0,0,0,0,0,0,0,0,0,0,0,0,0,0,0,0
②,ソリ開1,OutSystems製品保守（ES4Q）,内,CIT,2b 個別案件型ｼｽﾃﾑ開発保守ｻｰﾋﾞｽ,405,APL,ISID,ヒト,0,0,0,0,0,0,0,0,0,0,0,0,0,0,0,0,0,0,0,0,0,0,0,0,0,0,0,0,0,0,0,0,0,0,0,0,0,0,0,0,0,0,0,0,0,0,0,0,0,0,0,0,0,0,226950,0,0,163350,63600,0.28,226950,0,0,163350,63600,0.28,226950,0,0,163350,63600,0.28
②,ソリ開1,OutSystems製品保守（EIT4Q）,内,CIT,2b 個別案件型ｼｽﾃﾑ開発保守ｻｰﾋﾞｽ,405,APL,ISID,ヒト,0,0,0,0,0,0,0,0,0,0,0,0,0,0,0,0,0,0,0,0,0,0,0,0,0,0,0,0,0,0,0,0,0,0,0,0,0,0,0,0,0,0,0,0,0,0,0,0,0,0,0,0,0,0,28050,0,0,18150,9900,0.353,28050,0,0,18150,9900,0.353,28050,0,0,18150,9900,0.353
④,ソリ開1,OutSystems製品保守（ES1Q）要員追加,内,CIT,2b 個別案件型ｼｽﾃﾑ開発保守ｻｰﾋﾞｽ,405,APL,ISID,ヒト,,,,,,,,,,,,,,,,,,,,,,,,,,,,,,,,,,,,,,,,,,,,,,,,,,,,,,,,,,,,,,,,,,,,,,,,
④,ソリ開1,OutSystems製品保守（EIT1Q）要員追加,内,CIT,2b 個別案件型ｼｽﾃﾑ開発保守ｻｰﾋﾞｽ,405,APL,ISID,ヒト,,,,,,,,,,,,,,,,,,,,,,,,,,,,,,,,,,,,,,,,,,,,,,,,,,,,,,,,,,,,,,,,,,,,,,,,
④,ソリ開1,OutSystems製品保守（ES2Q）要員追加,内,CIT,2b 個別案件型ｼｽﾃﾑ開発保守ｻｰﾋﾞｽ,405,APL,ISID,ヒト,,,,,,,,,,,,,,,,,,,,,,,,,,,,,,,,,,,,,,,,,,,,,,,,,,,,,,,,,,,,,,,,,,,,,,,,
④,ソリ開1,OutSystems製品保守（EIT2Q）要員追加,内,CIT,2b 個別案件型ｼｽﾃﾑ開発保守ｻｰﾋﾞｽ,405,APL,ISID,ヒト,,,,,,,,,,,,,,,,,,,,,,,,,,,,,,,,,,,,,,,,,,,,,,,,,,,,,,,,,,,,,,,,,,,,,,,,
③,ソリ開1,OutSystems製品保守（ES3Q）要員追加,内,CIT,2b 個別案件型ｼｽﾃﾑ開発保守ｻｰﾋﾞｽ,405,APL,ISID,ヒト,,,,,,,,,,,,,,,,,,,,,,,,,,,,,,,,,,,,,,,,,,,,,,,,,,,,,,,,,,,,,,,,,,,,,,,,
③,ソリ開1,OutSystems製品保守（EIT3Q）要員追加,内,CIT,2b 個別案件型ｼｽﾃﾑ開発保守ｻｰﾋﾞｽ,405,APL,ISID,ヒト,,,,,,,,,,,,,,,,,,,,,,,,,,,,,,,,,,,,,,,,,,,,,,,,,,,,,,,,,,,,,,,,,,,,,,,,
③,ソリ開1,OutSystems製品保守（ES4Q）要員追加,内,CIT,2b 個別案件型ｼｽﾃﾑ開発保守ｻｰﾋﾞｽ,405,APL,ISID,ヒト,,,,,,,,,,,,,,,,,,,,,,,,,,,,,,,,,,,,,,,,,,,,,,,,,,,,,,,,,,,,,,,,,,,,,,,,
③,ソリ開1,OutSystems製品保守（EIT4Q）要員追加,内,CIT,2b 個別案件型ｼｽﾃﾑ開発保守ｻｰﾋﾞｽ,405,APL,ISID,ヒト,,,,,,,,,,,,,,,,,,,,,,,,,,,,,,,,,,,,,,,,,,,,,,,,,,,,,,,,,,,,,,,,,,,,,,,,
①,ソリ開1,レリアン様保守運用開発作業(運用)(1Q),内,CIT,2b 個別案件型ｼｽﾃﾑ開発保守ｻｰﾋﾞｽ,405,APL,ISID,ヒト,4250000,1520280,22500,1821600,885620,0.208,4250000,1520280,22500,1821600,885620,0.208,4250000,1600680,22500,1821600,805220,0.189,0,0,0,0,0,0,0,0,0,0,0,0,0,0,0,0,0,0,0,0,0,0,0,0,0,0,0,0,0,0,0,0,0,0,0,0,0,0,0,0,0,0,0,0,0,0,0,0,0,0,0,0,0,0
①,ソリ開1,レリアン様保守運用開発作業(開発)(1Q),内,CIT,2b 個別案件型ｼｽﾃﾑ開発保守ｻｰﾋﾞｽ,405,APL,ISID,ヒト,2410000,1013520,10000,884400,502080,0.208,2410000,1013520,10000,884400,502080,0.208,2410000,1067120,10000,884400,448480,0.186,0,0,0,0,0,0,0,0,0,0,0,0,0,0,0,0,0,0,0,0,0,0,0,0,0,0,0,0,0,0,0,0,0,0,0,0,0,0,0,0,0,0,0,0,0,0,0,0,0,0,0,0,0,0
①,ソリ開1,レリアン様保守運用開発作業(運用)(2Q),内,CIT,2b 個別案件型ｼｽﾃﾑ開発保守ｻｰﾋﾞｽ,405,APL,ISID,ヒト,0,0,0,0,0,0,0,0,0,0,0,0,0,0,0,0,0,0,3487500,1477280,20000,1204500,785720,0.225,3487500,1477280,20000,1204500,785720,0.225,3487500,1477280,20000,1204500,785720,0.225,0,0,0,0,0,0,0,0,0,0,0,0,0,0,0,0,0,0,0,0,0,0,0,0,0,0,0,0,0,0,0,0,0,0,0,0
①,ソリ開1,レリアン様保守運用開発作業(開発)(2Q),内,CIT,2b 個別案件型ｼｽﾃﾑ開発保守ｻｰﾋﾞｽ,405,APL,ISID,ヒト,0,0,0,0,0,0,0,0,0,0,0,0,0,0,0,0,0,0,2712500,1056520,10000,1006500,639480,0.236,2712500,1056520,10000,1006500,639480,0.236,2712500,1056520,10000,1006500,639480,0.236,0,0,0,0,0,0,0,0,0,0,0,0,0,0,0,0,0,0,0,0,0,0,0,0,0,0,0,0,0,0,0,0,0,0,0,0
②,ソリ開1,レリアン様保守運用開発作業(運用)(3Q),内,CIT,2b 個別案件型ｼｽﾃﾑ開発保守ｻｰﾋﾞｽ,405,APL,ISID,ヒト,0,0,0,0,0,0,0,0,0,0,0,0,0,0,0,0,0,0,0,0,0,0,0,0,0,0,0,0,0,0,0,0,0,0,0,0,3487500,1477280,20000,1204500,785720,0.225,3487500,1477280,20000,1204500,785720,0.225,3487500,1477280,20000,1204500,785720,0.225,0,0,0,0,0,0,0,0,0,0,0,0,0,0,0,0,0,0
②,ソリ開1,レリアン様保守運用開発作業(開発)(3Q),内,CIT,2b 個別案件型ｼｽﾃﾑ開発保守ｻｰﾋﾞｽ,405,APL,ISID,ヒト,0,0,0,0,0,0,0,0,0,0,0,0,0,0,0,0,0,0,0,0,0,0,0,0,0,0,0,0,0,0,0,0,0,0,0,0,2712500,1056520,10000,1006500,639480,0.236,2712500,1056520,10000,1006500,639480,0.236,2712500,1056520,10000,1006500,639480,0.236,0,0,0,0,0,0,0,0,0,0,0,0,0,0,0,0,0,0
②,ソリ開1,レリアン様保守運用開発作業(運用)(4Q),内,CIT,2b 個別案件型ｼｽﾃﾑ開発保守ｻｰﾋﾞｽ,405,APL,ISID,ヒト,0,0,0,0,0,0,0,0,0,0,0,0,0,0,0,0,0,0,0,0,0,0,0,0,0,0,0,0,0,0,0,0,0,0,0,0,0,0,0,0,0,0,0,0,0,0,0,0,0,0,0,0,0,0,3487500,1477280,20000,1204500,785720,0.225,3487500,1477280,20000,1204500,785720,0.225,3487500,1477280,20000,1204500,785720,0.225
②,ソリ開1,レリアン様保守運用開発作業(開発)(4Q),内,CIT,2b 個別案件型ｼｽﾃﾑ開発保守ｻｰﾋﾞｽ,405,APL,ISID,ヒト,0,0,0,0,0,0,0,0,0,0,0,0,0,0,0,0,0,0,0,0,0,0,0,0,0,0,0,0,0,0,0,0,0,0,0,0,0,0,0,0,0,0,0,0,0,0,0,0,0,0,0,0,0,0,2712500,1056520,10000,1006500,639480,0.236,2712500,1056520,10000,1006500,639480,0.236,2712500,1056520,10000,1006500,639480,0.236
④,ソリ開1,レリアン様POS7th開発(1Q),内,CIT,2a 個別案件型ｼｽﾃﾑ開発,405,APL,ISID,ヒト,,,,,,,,,,,,,,,,,,,,,,,,,,,,,,,,,,,,,,,,,,,,,,,,,,,,,,,,,,,,,,,,,,,,,,,,
④,ソリ開1,レリアン様POS7th開発(2Q),内,CIT,2a 個別案件型ｼｽﾃﾑ開発,405,APL,ISID,ヒト,,,,,,,,,,,,,,,,,,,,,,,,,,,,,,,,,,,,,,,,,,,,,,,,,,,,,,,,,,,,,,,,,,,,,,,,
④,ソリ開1,レリアン様POS7th開発(3Q),内,CIT,2a 個別案件型ｼｽﾃﾑ開発,405,APL,ISID,ヒト,,,,,,,,,,,,,,,,,,,,,,,,,,,,,,,,,,,,,,,,,,,,,,,,,,,,,,,,,,,,,,,,,,,,,,,,
④,ソリ開1,レリアン様POS7th開発(4Q),内,CIT,2a 個別案件型ｼｽﾃﾑ開発,405,APL,ISID,ヒト,,,,,,,,,,,,,,,,,,,,,,,,,,,,,,,,,,,,,,,,,,,,,,,,,,,,,,,,,,,,,,,,,,,,,,,,
①,ソリ開1,OLC様次期会計システムIFプログラム保守(1Q),内,CIT,2b 個別案件型ｼｽﾃﾑ開発保守ｻｰﾋﾞｽ,405,APL,ISID,ヒト,650000,0,2500,495000,152500,0.235,650000,0,2500,495000,152500,0.235,650000,0,2500,495000,152500,0.235,0,0,0,0,0,0,0,0,0,0,0,0,0,0,0,0,0,0,0,0,0,0,0,0,0,0,0,0,0,0,0,0,0,0,0,0,0,0,0,0,0,0,0,0,0,0,0,0,0,0,0,0,0,0
④,ソリ開1,OLC様次期会計システムIFプログラム保守(2Q),内,CIT,2b 個別案件型ｼｽﾃﾑ開発保守ｻｰﾋﾞｽ,405,APL,ISID,ヒト,,,,,,,,,,,,,,,,,,,,,,,,,,,,,,,,,,,,,,,,,,,,,,,,,,,,,,,,,,,,,,,,,,,,,,,,
④,ソリ開1,OLC様次期会計システムIFプログラム保守(3Q),内,CIT,2b 個別案件型ｼｽﾃﾑ開発保守ｻｰﾋﾞｽ,405,APL,ISID,ヒト,,,,,,,,,,,,,,,,,,,,,,,,,,,,,,,,,,,,,,,,,,,,,,,,,,,,,,,,,,,,,,,,,,,,,,,,
④,ソリ開1,OLC様次期会計システムIFプログラム保守(4Q),内,CIT,2b 個別案件型ｼｽﾃﾑ開発保守ｻｰﾋﾞｽ,405,APL,ISID,ヒト,,,,,,,,,,,,,,,,,,,,,,,,,,,,,,,,,,,,,,,,,,,,,,,,,,,,,,,,,,,,,,,,,,,,,,,,
④,ソリ開1,統合保守 RPA 運用業務（1Q）,内,CIT,2b 個別案件型ｼｽﾃﾑ開発保守ｻｰﾋﾞｽ,405,APL,ISID,ヒト,,,,,,,,,,,,,,,,,,,,,,,,,,,,,,,,,,,,,,,,,,,,,,,,,,,,,,,,,,,,,,,,,,,,,,,,
④,ソリ開1,統合保守 RPA 運用業務（2Q）,内,CIT,2b 個別案件型ｼｽﾃﾑ開発保守ｻｰﾋﾞｽ,405,APL,ISID,ヒト,,,,,,,,,,,,,,,,,,,,,,,,,,,,,,,,,,,,,,,,,,,,,,,,,,,,,,,,,,,,,,,,,,,,,,,,
④,ソリ開1,統合保守 RPA 運用業務（3Q）,内,CIT,2b 個別案件型ｼｽﾃﾑ開発保守ｻｰﾋﾞｽ,405,APL,ISID,ヒト,,,,,,,,,,,,,,,,,,,,,,,,,,,,,,,,,,,,,,,,,,,,,,,,,,,,,,,,,,,,,,,,,,,,,,,,
④,ソリ開1,統合保守 RPA 運用業務（4Q）,内,CIT,2b 個別案件型ｼｽﾃﾑ開発保守ｻｰﾋﾞｽ,405,APL,ISID,ヒト,,,,,,,,,,,,,,,,,,,,,,,,,,,,,,,,,,,,,,,,,,,,,,,,,,,,,,,,,,,,,,,,,,,,,,,,
①,ソリ開1,トキワCDAssist保守（202003-202102）,外,CIT,2b 個別案件型ｼｽﾃﾑ開発保守ｻｰﾋﾞｽ,405,APL,株式会社トキワ,ヒト,225000,40000,5000,108900,71100,0.316,225000,40000,5000,108900,71100,0.316,0,0,0,0,0,0,0,0,0,0,0,0,0,0,0,0,0,0,0,0,0,0,0,0,0,0,0,0,0,0,0,0,0,0,0,0,0,0,0,0,0,0,0,0,0,0,0,0,0,0,0,0,0,0,0,0,0,0,0,0
①,ソリ開1,トキワCDAssist保守（202103-202202）,外,CIT,2b 個別案件型ｼｽﾃﾑ開発保守ｻｰﾋﾞｽ,405,APL,株式会社トキワ,ヒト,0,0,0,0,0,0,0,0,0,0,0,0,225000,40000,5000,108900,71100,0.316,225000,40000,5000,108900,71100,0.316,225000,40000,5000,108900,71100,0.316,225000,40000,5000,108900,71100,0.316,225000,40000,5000,108900,71100,0.316,225000,40000,5000,108900,71100,0.316,225000,40000,5000,108900,71100,0.316,225000,40000,5000,108900,71100,0.316,225000,40000,5000,108900,71100,0.316,225000,40000,5000,108900,71100,0.316
①,ソリ開1,紀伊産業処方設計保守（202010-202109）,外,CIT,2b 個別案件型ｼｽﾃﾑ開発保守ｻｰﾋﾞｽ,405,APL,紀伊産業株式会社,ヒト,516667,80000,5000,254100,177567,0.344,516667,80000,5000,254100,177567,0.344,516667,80000,5000,254100,177567,0.344,516667,80000,5000,254100,177567,0.344,516667,80000,5000,254100,177567,0.344,516667,80000,5000,254100,177567,0.344,516667,80000,5000,254100,177567,0.344,516667,80000,5000,254100,177567,0.344,516663,80000,5000,254100,177563,0.344,0,0,0,0,0,0,0,0,0,0,0,0,0,0,0,0,0,0
①,ソリ開1,紀伊産業処方設計保守（202110-202209）,外,CIT,2b 個別案件型ｼｽﾃﾑ開発保守ｻｰﾋﾞｽ,405,APL,紀伊産業株式会社,ヒト,0,0,0,0,0,0,0,0,0,0,0,0,0,0,0,0,0,0,0,0,0,0,0,0,0,0,0,0,0,0,0,0,0,0,0,0,0,0,0,0,0,0,0,0,0,0,0,0,0,0,0,0,0,0,516667,80000,5000,254100,177567,0.344,516667,80000,5000,254100,177567,0.344,516667,80000,5000,254100,177567,0.344
①,ソリ開1,夢の島マリーナ　ゲート管理システム（保守）2020年度,外,CIT,2b 個別案件型ｼｽﾃﾑ開発保守ｻｰﾋﾞｽ,405,APL,スバル興業,ヒト,130000,30000,55000,0,45000,0.346,0,0,0,0,0,0,0,0,0,0,0,0,0,0,0,0,0,0,0,0,0,0,0,0,0,0,0,0,0,0,0,0,0,0,0,0,0,0,0,0,0,0,0,0,0,0,0,0,0,0,0,0,0,0,0,0,0,0,0,0,0,0,0,0,0,0
①,ソリ開1,夢の島マリーナ　ゲート管理システム（保守）2021年度,外,CIT,2b 個別案件型ｼｽﾃﾑ開発保守ｻｰﾋﾞｽ,405,APL,スバル興業,ヒト,0,0,0,0,0,0,130000,30000,55000,0,45000,0.346,130000,30000,55000,0,45000,0.346,130000,30000,55000,0,45000,0.346,130000,30000,55000,0,45000,0.346,130000,30000,55000,0,45000,0.346,130000,30000,55000,0,45000,0.346,130000,30000,55000,0,45000,0.346,130000,30000,55000,0,45000,0.346,130000,30000,55000,0,45000,0.346,130000,30000,55000,0,45000,0.346,130000,30000,55000,0,45000,0.346
①,ソリ開1,夢の島マリーナ　ゲート管理システム（Azure利用料）,外,CIT,6b 情報機器･その他ｿﾌﾄ保守,999,その他,スバル興業,モノ,100635,0,85537,0,15098,0.15,100205,0,85173,0,15032,0.15,92600,0,78691,0,13909,0.15,99960,0,84963,0,14997,0.15,96400,0,81936,0,14464,0.15,100000,0,83000,0,17000,0.17,100000,0,83000,0,17000,0.17,100000,0,83000,0,17000,0.17,100000,0,83000,0,17000,0.17,100000,0,83000,0,17000,0.17,100000,0,83000,0,17000,0.17,100000,0,83000,0,17000,0.17
①,ソリ開1,新ゲート管理システム HW・SW_FortieGate更新(20/11-21/10）,外,CIT,6b 情報機器･その他ｿﾌﾄ保守,999,その他,スバル興業,モノ,25583,0,24300,0,1283,0.05,25583,0,24300,0,1283,0.05,25583,0,24300,0,1283,0.05,25583,0,24300,0,1283,0.05,25583,0,24300,0,1283,0.05,25583,0,24300,0,1283,0.05,25583,0,24300,0,1283,0.05,25583,0,24300,0,1283,0.05,25583,0,24300,0,1283,0.05,25583,0,24300,0,1283,0.05,0,0,0,0,0,0,0,0,0,0,0,0
①,ソリ開1,新ゲート管理システム HW・SW_FortieGate更新(21/11-22/10）,外,CIT,6b 情報機器･その他ｿﾌﾄ保守,999,その他,スバル興業,モノ,0,0,0,0,0,0,0,0,0,0,0,0,0,0,0,0,0,0,0,0,0,0,0,0,0,0,0,0,0,0,0,0,0,0,0,0,0,0,0,0,0,0,0,0,0,0,0,0,0,0,0,0,0,0,0,0,0,0,0,0,25583,0,24300,0,1283,0.05,25583,0,24300,0,1283,0.05
④,ソリ開1,ゲート管理システム　他社展開,外,CIT,2a 個別案件型ｼｽﾃﾑ開発,405,APL,スバル興業,ヒト,,,,,,,,,,,,,,,,,,,,,,,,,,,,,,,,,,,,,,,,,,,,,,,,,,,,,,,,,,,,,,,,,,,,,,,,
④,ソリ開1,トキワCDAssist 英語版対応,外,CIT,2a 個別案件型ｼｽﾃﾑ開発,405,APL,株式会社トキワ,ヒト,,,,,,,,,,,,,,,,,,,,,,,,,,,,,,,,,,,,,,,,,,,,,,,,,,,,,,,,,,,,,,,,,,,,,,,,
①,ソリ開1,Conductor保守（1Q）,内,CIT,2b 個別案件型ｼｽﾃﾑ開発保守ｻｰﾋﾞｽ,405,APL,ISID,ヒト,600000,440000,5000,0,155000,0.258,600000,440000,5000,0,155000,0.258,600000,440000,5000,0,155000,0.258,0,0,0,0,0,0,0,0,0,0,0,0,0,0,0,0,0,0,0,0,0,0,0,0,0,0,0,0,0,0,0,0,0,0,0,0,0,0,0,0,0,0,0,0,0,0,0,0,0,0,0,0,0,0
①,ソリ開1,Conductor保守（2Q）,内,CIT,2b 個別案件型ｼｽﾃﾑ開発保守ｻｰﾋﾞｽ,405,APL,ISID,ヒト,0,0,0,0,0,0,0,0,0,0,0,0,0,0,0,0,0,0,600000,440000,5000,0,155000,0.258,600000,440000,5000,0,155000,0.258,600000,440000,5000,0,155000,0.258,0,0,0,0,0,0,0,0,0,0,0,0,0,0,0,0,0,0,0,0,0,0,0,0,0,0,0,0,0,0,0,0,0,0,0,0
①,ソリ開1,Conductor保守（3Q）,内,CIT,2b 個別案件型ｼｽﾃﾑ開発保守ｻｰﾋﾞｽ,405,APL,ISID,ヒト,0,0,0,0,0,0,0,0,0,0,0,0,0,0,0,0,0,0,0,0,0,0,0,0,0,0,0,0,0,0,0,0,0,0,0,0,360000,280000,5000,0,75000,0.208,360000,280000,5000,0,75000,0.208,360000,280000,5000,0,75000,0.208,0,0,0,0,0,0,0,0,0,0,0,0,0,0,0,0,0,0
③,ソリ開1,Conductor保守（4Q）,内,CIT,2b 個別案件型ｼｽﾃﾑ開発保守ｻｰﾋﾞｽ,405,APL,ISID,ヒト,,,,,,,,,,,,,,,,,,,,,,,,,,,,,,,,,,,,,,,,,,,,,,,,,,,,,,,,,,,,,,,,,,,,,,,,
①,ソリ開1,製造事業部向けSPM保守サポート（1Q）,内,ES,2b 個別案件型ｼｽﾃﾑ開発保守ｻｰﾋﾞｽ,405,APL,ISID,ヒト,1750000,822000,16000,363000,549000,0.314,1450000,650000,16000,363000,421000,0.29,1450000,650000,16000,363000,421000,0.29,0,0,0,0,0,0,0,0,0,0,0,0,0,0,0,0,0,0,0,0,0,0,0,0,0,0,0,0,0,0,0,0,0,0,0,0,0,0,0,0,0,0,0,0,0,0,0,0,0,0,0,0,0,0
④,ソリ開1,製造事業部向けSPM保守サポート（2Q）,内,ES,2b 個別案件型ｼｽﾃﾑ開発保守ｻｰﾋﾞｽ,405,APL,ISID,ヒト,,,,,,,,,,,,,,,,,,,,,,,,,,,,,,,,,,,,,,,,,,,,,,,,,,,,,,,,,,,,,,,,,,,,,,,,
④,ソリ開1,製造事業部向けSPM保守サポート（3Q）,内,ES,2b 個別案件型ｼｽﾃﾑ開発保守ｻｰﾋﾞｽ,405,APL,ISID,ヒト,,,,,,,,,,,,,,,,,,,,,,,,,,,,,,,,,,,,,,,,,,,,,,,,,,,,,,,,,,,,,,,,,,,,,,,,
④,ソリ開1,製造事業部向けSPM保守サポート（4Q）,内,ES,2b 個別案件型ｼｽﾃﾑ開発保守ｻｰﾋﾞｽ,405,APL,ISID,ヒト,,,,,,,,,,,,,,,,,,,,,,,,,,,,,,,,,,,,,,,,,,,,,,,,,,,,,,,,,,,,,,,,,,,,,,,,
③,ソリ開1,スバル興業ワークフローシステム導入支援,外,CIT,2a 個別案件型ｼｽﾃﾑ開発,405,APL,スバル興業,ヒト,,,,,,,,,,,,,,,,,,,,,,,,,,,,,,,,,,,,,,,,,,,,,,,,,,,,,,,,,,,,,,,,,,,,,,,,
①,ソリ開1,KHP国際 需給管理システム保守,外,CIT,2b 個別案件型ｼｽﾃﾑ開発保守ｻｰﾋﾞｽ,405,APL,クラシエホールディングス,ヒト,141500,0,30000,72600,38900,0.275,141500,0,30000,72600,38900,0.275,141500,0,30000,72600,38900,0.275,141500,0,30000,72600,38900,0.275,141500,0,30000,72600,38900,0.275,141500,0,30000,72600,38900,0.275,141500,0,30000,72600,38900,0.275,141500,0,30000,72600,38900,0.275,141500,0,30000,72600,38900,0.275,141500,0,30000,72600,38900,0.275,141500,0,30000,72600,38900,0.275,141500,0,30000,72600,38900,0.275
①,ソリ開1,KHP国際 kintoneライセンス（1年間）2020年度,外,CIT,6b 情報機器･その他ｿﾌﾄ保守,999,その他,クラシエホールディングス,モノ,14700,0,9858,0,4842,0.329,14700,0,9858,0,4842,0.329,14700,0,9858,0,4842,0.329,14700,0,9858,0,4842,0.329,14700,0,9858,0,4842,0.329,14700,0,9858,0,4842,0.329,14700,0,9858,0,4842,0.329,14700,0,9858,0,4842,0.329,0,0,0,0,0,0,0,0,0,0,0,0,0,0,0,0,0,0,0,0,0,0,0,0
②,ソリ開1,KHP国際 kintoneライセンス（1年間）2021年度,外,CIT,6b 情報機器･その他ｿﾌﾄ保守,999,その他,クラシエホールディングス,モノ,0,0,0,0,0,0,0,0,0,0,0,0,0,0,0,0,0,0,0,0,0,0,0,0,0,0,0,0,0,0,0,0,0,0,0,0,0,0,0,0,0,0,0,0,0,0,0,0,14700,0,9858,0,4842,0.329,14700,0,9858,0,4842,0.329,14700,0,9858,0,4842,0.329,14700,0,9858,0,4842,0.329
①,ソリ開1,兼松 貿易管理システム保守,外,CIT,2b 個別案件型ｼｽﾃﾑ開発保守ｻｰﾋﾞｽ,405,APL,兼松株式会社,ヒト,147750,0,80416,36300,31034,0.21,147750,0,80416,36300,31034,0.21,147750,0,80416,36300,31034,0.21,147750,0,80416,36300,31034,0.21,147750,0,80416,36300,31034,0.21,147750,0,80416,36300,31034,0.21,147750,0,80416,36300,31034,0.21,147750,0,80416,36300,31034,0.21,147750,0,80416,36300,31034,0.21,147750,0,80416,36300,31034,0.21,147750,0,80416,36300,31034,0.21,147750,0,80416,36300,31034,0.21
①,ソリ開1,HCM サポートサイト保守,内,CIT,2b 個別案件型ｼｽﾃﾑ開発保守ｻｰﾋﾞｽ,405,APL,ISID,ヒト,750000,0,35000,435600,279400,0.373,750000,0,35000,435600,279400,0.373,750000,0,35000,435600,279400,0.373,720000,0,70000,471900,178100,0.247,720000,0,35000,471900,213100,0.296,720000,0,35000,471900,213100,0.296,700000,0,55000,435600,209400,0.299,700000,0,55000,471900,173100,0.247,700000,0,55000,526350,118650,0.17,700000,0,55000,471900,173100,0.247,700000,0,55000,471900,173100,0.247,700000,0,55000,471900,173100,0.247
①,ソリ開1,キャタラー RPA保守サポート　2020年度,外,CIT,2b 個別案件型ｼｽﾃﾑ開発保守ｻｰﾋﾞｽ,405,APL,キャタラー,ヒト,180000,39000,0,72600,68400,0.38,180000,39000,0,72600,68400,0.38,180000,39000,0,72600,68400,0.38,0,0,0,0,0,0,0,0,0,0,0,0,0,0,0,0,0,0,0,0,0,0,0,0,0,0,0,0,0,0,0,0,0,0,0,0,0,0,0,0,0,0,0,0,0,0,0,0,0,0,0,0,0,0
①,ソリ開1,キャタラー RPA保守サポート　2021年度,外,CIT,2b 個別案件型ｼｽﾃﾑ開発保守ｻｰﾋﾞｽ,405,APL,キャタラー,ヒト,0,0,0,0,0,0,0,0,0,0,0,0,0,0,0,0,0,0,90000,39000,0,36300,14700,0.163,90000,39000,0,36300,14700,0.163,90000,39000,0,36300,14700,0.163,90000,62400,0,0,27600,0.307,0,0,0,0,0,0,0,0,0,0,0,0,0,0,0,0,0,0,0,0,0,0,0,0,0,0,0,0,0,0
①,ソリ開1,キャタラー UiPathライセンス費 2年目,外,CIT,6b 情報機器･その他ｿﾌﾄ保守,999,その他,キャタラー,モノ,177083,0,141667,0,35416,0.2,177083,0,141667,0,35416,0.2,177083,0,141667,0,35416,0.2,177083,0,141667,0,35416,0.2,177083,0,141667,0,35416,0.2,177083,0,141667,0,35416,0.2,177087,0,141667,0,35420,0.2,0,0,0,0,0,0,0,0,0,0,0,0,0,0,0,0,0,0,0,0,0,0,0,0,0,0,0,0,0,0
④,ソリ開1,キャタラー UiPathライセンス費 3年目,外,CIT,6b 情報機器･その他ｿﾌﾄ保守,999,その他,キャタラー,モノ,,,,,,,,,,,,,,,,,,,,,,,,,,,,,,,,,,,,,,,,,,,,,,,,,,,,,,,,,,,,,,,,,,,,,,,,
④,ソリ開1,KHD UiPathライセンス費 2年目,外,CIT,6b 情報機器･その他ｿﾌﾄ保守,999,その他,クラシエホールディングス,モノ,,,,,,,,,,,,,,,,,,,,,,,,,,,,,,,,,,,,,,,,,,,,,,,,,,,,,,,,,,,,,,,,,,,,,,,,
①,ソリ開1,KP UiPathライセンス費 2年目,外,CIT,6b 情報機器･その他ｿﾌﾄ保守,999,その他,クラシエホールディングス,モノ,156250,0,125000,0,31250,0.2,156250,0,125000,0,31250,0.2,156250,0,125000,0,31250,0.2,156250,0,125000,0,31250,0.2,156250,0,125000,0,31250,0.2,156250,0,125000,0,31250,0.2,156250,0,125000,0,31250,0.2,156250,0,125000,0,31250,0.2,156250,0,125000,0,31250,0.2,156250,0,125000,0,31250,0.2,156250,0,125000,0,31250,0.2,131048,0,104838,0,26210,0.2
①,ソリ開1,OLC RPA保守サポート,内,CIT,2b 個別案件型ｼｽﾃﾑ開発保守ｻｰﾋﾞｽ,405,APL,ISID,ヒト,200000,117000,0,36300,46700,0.234,150000,78000,0,36300,35700,0.238,100000,39000,0,36300,24700,0.247,0,0,0,0,0,0,0,0,0,0,0,0,0,0,0,0,0,0,0,0,0,0,0,0,0,0,0,0,0,0,0,0,0,0,0,0,0,0,0,0,0,0,0,0,0,0,0,0,0,0,0,0,0,0
④,ソリ開1,請求支払ソリューション（1社目）,内,CIT,2a 個別案件型ｼｽﾃﾑ開発,405,APL,ISID,ヒト,,,,,,,,,,,,,,,,,,,,,,,,,,,,,,,,,,,,,,,,,,,,,,,,,,,,,,,,,,,,,,,,,,,,,,,,
④,ソリ開1,★請求支払ソリューション（2社目）,対象外,CIT,2a 個別案件型ｼｽﾃﾑ開発,405,APL,ISID,ヒト,,,,,,,,,,,,,,,,,,,,,,,,,,,,,,,,,,,,,,,,,,,,,,,,,,,,,,,,,,,,,,,,,,,,,,,,
④,ソリ開1,★請求支払ソリューション（3社目）,対象外,CIT,2a 個別案件型ｼｽﾃﾑ開発,405,APL,ISID,ヒト,,,,,,,,,,,,,,,,,,,,,,,,,,,,,,,,,,,,,,,,,,,,,,,,,,,,,,,,,,,,,,,,,,,,,,,,
④,ソリ開1,★請求支払ソリューション（4社目）,対象外,CIT,2a 個別案件型ｼｽﾃﾑ開発,405,APL,ISID,ヒト,,,,,,,,,,,,,,,,,,,,,,,,,,,,,,,,,,,,,,,,,,,,,,,,,,,,,,,,,,,,,,,,,,,,,,,,
④,ソリ開1,UiPath教育,内,CIT,2b 個別案件型ｼｽﾃﾑ開発保守ｻｰﾋﾞｽ,405,APL,ISID,ヒト,,,,,,,,,,,,,,,,,,,,,,,,,,,,,,,,,,,,,,,,,,,,,,,,,,,,,,,,,,,,,,,,,,,,,,,,
④,ソリ開1,UiPath教育（StudioX）,内,CIT,2b 個別案件型ｼｽﾃﾑ開発保守ｻｰﾋﾞｽ,405,APL,ISID,ヒト,,,,,,,,,,,,,,,,,,,,,,,,,,,,,,,,,,,,,,,,,,,,,,,,,,,,,,,,,,,,,,,,,,,,,,,,
①,ソリ開1,KHD　運用サポート,外,CIT,5a 個別運用保守ｻｰﾋﾞｽ,999,その他,クラシエホールディングス,ヒト,4370000,1840000,10000,1452000,1068000,0.244,4370000,1840000,10000,1452000,1068000,0.244,4370000,1840000,10000,1452000,1068000,0.244,4370000,1840000,40000,1597200,892800,0.204,4370000,1840000,40000,1597200,892800,0.204,4370000,1840000,40000,1597200,892800,0.204,4370000,1870000,40000,1597200,862800,0.197,4370000,1870000,40000,1597200,862800,0.197,4370000,1870000,40000,1597200,862800,0.197,4370000,1870000,40000,1597200,862800,0.197,4370000,1870000,40000,1597200,862800,0.197,4370000,1870000,40000,1597200,862800,0.197
①,ソリ開1,KP　運用サポート,外,CIT,5a 個別運用保守ｻｰﾋﾞｽ,999,その他,クラシエホールディングス,ヒト,1500000,610000,20000,495000,375000,0.25,1500000,610000,20000,495000,375000,0.25,1500000,674750,20000,495000,310250,0.207,1500000,660000,0,495000,345000,0.23,1500000,660000,0,495000,345000,0.23,1500000,660000,0,495000,345000,0.23,1500000,610000,20000,495000,375000,0.25,1500000,610000,20000,495000,375000,0.25,1500000,610000,20000,495000,375000,0.25,1500000,610000,20000,495000,375000,0.25,1500000,610000,20000,495000,375000,0.25,1500000,610000,20000,495000,375000,0.25
①,ソリ開1,KHD TS-2550タイムサーバー機器保守,外,CIT,6b 情報機器･その他ｿﾌﾄ保守,999,その他,クラシエホールディングス,モノ,7000,0,6650,0,350,0.05,7000,0,6650,0,350,0.05,7000,0,6650,0,350,0.05,0,0,0,0,0,0,0,0,0,0,0,0,0,0,0,0,0,0,0,0,0,0,0,0,0,0,0,0,0,0,0,0,0,0,0,0,0,0,0,0,0,0,0,0,0,0,0,0,0,0,0,0,0,0
①,ソリ開1,KHD Proxyサーバ（ｻﾌﾞｽｸﾘﾌﾟｼｮﾝ）,外,CIT,6b 情報機器･その他ｿﾌﾄ保守,999,その他,クラシエホールディングス,モノ,51450,0,48870,0,2580,0.05,51450,0,48870,0,2580,0.05,51450,0,48870,0,2580,0.05,51450,0,48870,0,2580,0.05,51450,0,48870,0,2580,0.05,51450,0,48870,0,2580,0.05,51450,0,48870,0,2580,0.05,51450,0,48870,0,2580,0.05,51450,0,48870,0,2580,0.05,51450,0,48870,0,2580,0.05,51450,0,48870,0,2580,0.05,51450,0,48870,0,2580,0.05
①,ソリ開1,KHD Proxyサーバ（保守費用）,外,CIT,6b 情報機器･その他ｿﾌﾄ保守,999,その他,クラシエホールディングス,モノ,43464,0,41288,0,2176,0.05,43464,0,41288,0,2176,0.05,43464,0,41288,0,2176,0.05,43464,0,41288,0,2176,0.05,43464,0,41288,0,2176,0.05,43464,0,41288,0,2176,0.05,43464,0,41288,0,2176,0.05,43464,0,41288,0,2176,0.05,43464,0,41288,0,2176,0.05,43464,0,41288,0,2176,0.05,43464,0,41288,0,2176,0.05,43464,0,41288,0,2176,0.05
①,ソリ開1,KHD　SAPサーバ用SW保守（シマンテック）200701-210630 ,外,CIT,6b 情報機器･その他ｿﾌﾄ保守,999,その他,クラシエホールディングス,モノ,33255,0,26570,0,6685,0.201,33255,0,26570,0,6685,0.201,33255,0,26570,0,6685,0.201,33255,0,26570,0,6685,0.201,33255,0,26570,0,6685,0.201,33255,0,26575,0,6680,0.201,0,0,0,0,0,0,0,0,0,0,0,0,0,0,0,0,0,0,0,0,0,0,0,0,0,0,0,0,0,0,0,0,0,0,0,0
①,ソリ開1,KHD　SAPサーバ用SW保守（シマンテック）210701-220630 ,外,CIT,6b 情報機器･その他ｿﾌﾄ保守,999,その他,クラシエホールディングス,モノ,0,0,0,0,0,0,0,0,0,0,0,0,0,0,0,0,0,0,0,0,0,0,0,0,0,0,0,0,0,0,0,0,0,0,0,0,33255,0,26570,0,6685,0.201,33255,0,26570,0,6685,0.201,33255,0,26570,0,6685,0.201,33255,0,26570,0,6685,0.201,33255,0,26570,0,6685,0.201,33255,0,26570,0,6685,0.201
①,ソリ開1,KHD SAPサーバ用SW保守（PA(TIVOL)）200701-210630,外,CIT,6b 情報機器･その他ｿﾌﾄ保守,999,その他,クラシエホールディングス,モノ,59702,0,56470,0,3232,0.054,59702,0,56470,0,3232,0.054,59702,0,56470,0,3232,0.054,59702,0,56470,0,3232,0.054,59702,0,56470,0,3232,0.054,59702,0,56465,0,3237,0.054,0,0,0,0,0,0,0,0,0,0,0,0,0,0,0,0,0,0,0,0,0,0,0,0,0,0,0,0,0,0,0,0,0,0,0,0
①,ソリ開1,KHD　SAPサーバ用SW保守（PA(TIVOL)）210701-220630 ,外,CIT,6b 情報機器･その他ｿﾌﾄ保守,999,その他,クラシエホールディングス,モノ,0,0,0,0,0,0,0,0,0,0,0,0,0,0,0,0,0,0,0,0,0,0,0,0,0,0,0,0,0,0,0,0,0,0,0,0,59702,0,56470,0,3232,0.054,59702,0,56470,0,3232,0.054,59702,0,56470,0,3232,0.054,59702,0,56470,0,3232,0.054,59702,0,56470,0,3232,0.054,59702,0,56470,0,3232,0.054
①,ソリ開1,KHD　SAPサーバ用SW保守（JP1関連）200801-210731,外,CIT,6b 情報機器･その他ｿﾌﾄ保守,999,その他,クラシエホールディングス,モノ,146667,0,132402,0,14265,0.097,146667,0,132402,0,14265,0.097,146667,0,132402,0,14265,0.097,146667,0,132402,0,14265,0.097,146667,0,132402,0,14265,0.097,146667,0,132402,0,14265,0.097,146663,0,132396,0,14267,0.097,0,0,0,0,0,0,0,0,0,0,0,0,0,0,0,0,0,0,0,0,0,0,0,0,0,0,0,0,0,0
①,ソリ開1,KHD　SAPサーバ用SW保守（JP1関連）210801-220731,外,CIT,6b 情報機器･その他ｿﾌﾄ保守,999,その他,クラシエホールディングス,モノ,0,0,0,0,0,0,0,0,0,0,0,0,0,0,0,0,0,0,0,0,0,0,0,0,0,0,0,0,0,0,0,0,0,0,0,0,0,0,0,0,0,0,146667,0,132402,0,14265,0.097,146667,0,132402,0,14265,0.097,146667,0,132402,0,14265,0.097,146667,0,132402,0,14265,0.097,146667,0,132402,0,14265,0.097
①,ソリ開1,KHD　SAPサーバ用ハードウェア保守　200801-210731,外,CIT,6b 情報機器･その他ｿﾌﾄ保守,999,その他,クラシエホールディングス,モノ,504290,0,462941,0,41349,0.082,504290,0,462941,0,41349,0.082,504290,0,462941,0,41349,0.082,504290,0,462941,0,41349,0.082,504290,0,462941,0,41349,0.082,504290,0,462941,0,41349,0.082,504286,0,462935,0,41351,0.082,0,0,0,0,0,0,0,0,0,0,0,0,0,0,0,0,0,0,0,0,0,0,0,0,0,0,0,0,0,0
①,ソリ開1,KHD　SAPサーバ用ハードウェア保守　210801-220731,外,CIT,6b 情報機器･その他ｿﾌﾄ保守,999,その他,クラシエホールディングス,モノ,0,0,0,0,0,0,0,0,0,0,0,0,0,0,0,0,0,0,0,0,0,0,0,0,0,0,0,0,0,0,0,0,0,0,0,0,0,0,0,0,0,0,504290,0,462941,0,41349,0.082,504290,0,462941,0,41349,0.082,504290,0,462941,0,41349,0.082,504290,0,462941,0,41349,0.082,504290,0,462941,0,41349,0.082
①,ソリ開1,KHD　SAPサーバ用ソフトウェア保守　200801-210731,外,CIT,6b 情報機器･その他ｿﾌﾄ保守,999,その他,クラシエホールディングス,モノ,160330,0,137224,0,23106,0.144,160330,0,137224,0,23106,0.144,160330,0,137224,0,23106,0.144,160330,0,137224,0,23106,0.144,160330,0,137224,0,23106,0.144,160330,0,137224,0,23106,0.144,160330,0,137228,0,23102,0.144,0,0,0,0,0,0,0,0,0,0,0,0,0,0,0,0,0,0,0,0,0,0,0,0,0,0,0,0,0,0
①,ソリ開1,KHD　SAPサーバ用ソフトウェア保守　210801-220731,外,CIT,6b 情報機器･その他ｿﾌﾄ保守,999,その他,クラシエホールディングス,モノ,0,0,0,0,0,0,0,0,0,0,0,0,0,0,0,0,0,0,0,0,0,0,0,0,0,0,0,0,0,0,0,0,0,0,0,0,0,0,0,0,0,0,160330,0,137224,0,23106,0.144,160330,0,137224,0,23106,0.144,160330,0,137224,0,23106,0.144,160330,0,137224,0,23106,0.144,160330,0,137224,0,23106,0.144
①,ソリ開1,Webgateway4500保守(20年11月-21年10月),外,CIT,6b 情報機器･その他ｿﾌﾄ保守,999,その他,クラシエホールディングス,モノ,81922,0,58384,0,23538,0.287,81922,0,58384,0,23538,0.287,81922,0,58384,0,23538,0.287,81922,0,58384,0,23538,0.287,81922,0,58384,0,23538,0.287,81922,0,58384,0,23538,0.287,81922,0,58384,0,23538,0.287,81922,0,58384,0,23538,0.287,81922,0,58384,0,23538,0.287,81924,0,58382,0,23542,0.287,0,0,0,0,0,0,0,0,0,0,0,0
②,ソリ開1,Webgateway4500保守(21年11月-21年10月),外,CIT,6b 情報機器･その他ｿﾌﾄ保守,999,その他,クラシエホールディングス,モノ,0,0,0,0,0,0,0,0,0,0,0,0,0,0,0,0,0,0,0,0,0,0,0,0,0,0,0,0,0,0,0,0,0,0,0,0,0,0,0,0,0,0,0,0,0,0,0,0,0,0,0,0,0,0,0,0,0,0,0,0,81922,0,58384,0,23538,0.287,81922,0,58384,0,23538,0.287
①,ソリ開1,Web Security Gateway EditionSoftware （2020年10月-2021年9月）,外,CIT,6b 情報機器･その他ｿﾌﾄ保守,999,その他,クラシエホールディングス,モノ,89125,0,80250,0,8875,0.1,89125,0,80250,0,8875,0.1,89125,0,80250,0,8875,0.1,89125,0,80250,0,8875,0.1,89125,0,80250,0,8875,0.1,89125,0,80250,0,8875,0.1,89125,0,80250,0,8875,0.1,89125,0,80250,0,8875,0.1,89125,0,80250,0,8875,0.1,48875,0,44008,0,4867,0.1,0,0,0,0,0,0,0,0,0,0,0,0
②,ソリ開1,Web Security Gateway EditionSoftware （2021年10月-2022年9月）,外,CIT,6b 情報機器･その他ｿﾌﾄ保守,999,その他,クラシエホールディングス,モノ,0,0,0,0,0,0,0,0,0,0,0,0,0,0,0,0,0,0,0,0,0,0,0,0,0,0,0,0,0,0,0,0,0,0,0,0,0,0,0,0,0,0,0,0,0,0,0,0,0,0,0,0,0,0,40250,0,36242,0,4008,0.1,89125,0,80250,0,8875,0.1,89125,0,80250,0,8875,0.1
①,ソリ開1,Web Gateway Anti-Malware（サブスクリプション） （2020年10月-2021年9月）,外,CIT,6b 情報機器･その他ｿﾌﾄ保守,999,その他,クラシエホールディングス,モノ,50000,0,31500,0,18500,0.37,50000,0,31500,0,18500,0.37,50000,0,31500,0,18500,0.37,50000,0,31500,0,18500,0.37,50000,0,31500,0,18500,0.37,50000,0,31500,0,18500,0.37,50000,0,31500,0,18500,0.37,50000,0,31500,0,18500,0.37,50000,0,31500,0,18500,0.37,27419,0,17274,0,10145,0.37,0,0,0,0,0,0,0,0,0,0,0,0
②,ソリ開1,Web Gateway Anti-Malware（サブスクリプション） （2021年10月-2022年9月）,外,CIT,6b 情報機器･その他ｿﾌﾄ保守,999,その他,クラシエホールディングス,モノ,0,0,0,0,0,0,0,0,0,0,0,0,0,0,0,0,0,0,0,0,0,0,0,0,0,0,0,0,0,0,0,0,0,0,0,0,0,0,0,0,0,0,0,0,0,0,0,0,0,0,0,0,0,0,22581,0,14226,0,8355,0.37,50000,0,31500,0,18500,0.37,50000,0,31500,0,18500,0.37
①,ソリ開1,KHD　無線LAN(ランニング費用),外,CIT,6b 情報機器･その他ｿﾌﾄ保守,999,その他,クラシエホールディングス,モノ,27200,0,17600,0,9600,0.353,27200,0,17600,0,9600,0.353,27200,0,17600,0,9600,0.353,27200,0,17600,0,9600,0.353,27200,0,17600,0,9600,0.353,27200,0,17600,0,9600,0.353,27200,0,17600,0,9600,0.353,27200,0,17600,0,9600,0.353,27200,0,17600,0,9600,0.353,27200,0,17600,0,9600,0.353,27200,0,17600,0,9600,0.353,27200,0,17600,0,9600,0.353
①,ソリ開1,KHP　無線LAN(ランニング費用),外,CIT,6b 情報機器･その他ｿﾌﾄ保守,999,その他,クラシエホールディングス,モノ,81600,0,52800,0,28800,0.353,81600,0,52800,0,28800,0.353,81600,0,52800,0,28800,0.353,81600,0,52800,0,28800,0.353,81600,0,52800,0,28800,0.353,81600,0,52800,0,28800,0.353,81600,0,52800,0,28800,0.353,81600,0,52800,0,28800,0.353,81600,0,52800,0,28800,0.353,81600,0,52800,0,28800,0.353,81600,0,52800,0,28800,0.353,81600,0,52800,0,28800,0.353
①,ソリ開1,KP　無線LAN(ランニング費用),外,CIT,6b 情報機器･その他ｿﾌﾄ保守,999,その他,クラシエホールディングス,モノ,51000,0,33000,0,18000,0.353,51000,0,33000,0,18000,0.353,51000,0,33000,0,18000,0.353,51000,0,33000,0,18000,0.353,51000,0,33000,0,18000,0.353,51000,0,33000,0,18000,0.353,51000,0,33000,0,18000,0.353,51000,0,33000,0,18000,0.353,51000,0,33000,0,18000,0.353,51000,0,33000,0,18000,0.353,51000,0,33000,0,18000,0.353,51000,0,33000,0,18000,0.353
①,ソリ開1,KF　無線LAN(ランニング費用),外,CIT,6b 情報機器･その他ｿﾌﾄ保守,999,その他,クラシエホールディングス,モノ,107100,0,69300,0,37800,0.353,107100,0,69300,0,37800,0.353,107100,0,69300,0,37800,0.353,107100,0,69300,0,37800,0.353,107100,0,69300,0,37800,0.353,107100,0,69300,0,37800,0.353,107100,0,69300,0,37800,0.353,107100,0,69300,0,37800,0.353,107100,0,69300,0,37800,0.353,107100,0,69300,0,37800,0.353,107100,0,69300,0,37800,0.353,107100,0,69300,0,37800,0.353
①,ソリ開1,KFI　無線LAN(ランニング費用),外,CIT,6b 情報機器･その他ｿﾌﾄ保守,999,その他,クラシエホールディングス,モノ,3400,0,2200,0,1200,0.353,3400,0,2200,0,1200,0.353,3400,0,2200,0,1200,0.353,3400,0,2200,0,1200,0.353,3400,0,2200,0,1200,0.353,3400,0,2200,0,1200,0.353,3400,0,2200,0,1200,0.353,3400,0,2200,0,1200,0.353,3400,0,2200,0,1200,0.353,3400,0,2200,0,1200,0.353,3400,0,2200,0,1200,0.353,3400,0,2200,0,1200,0.353
①,ソリ開1,KP　新型無線LAN(ランニング費用),外,CIT,6b 情報機器･その他ｿﾌﾄ保守,999,その他,クラシエホールディングス,モノ,76320,0,49500,0,26820,0.351,76320,0,49500,0,26820,0.351,76320,0,49500,0,26820,0.351,76320,0,49500,0,26820,0.351,76320,0,49500,0,26820,0.351,76320,0,49500,0,26820,0.351,76320,0,49500,0,26820,0.351,76320,0,49500,0,26820,0.351,76320,0,49500,0,26820,0.351,76320,0,49500,0,26820,0.351,76320,0,49500,0,26820,0.351,76320,0,49500,0,26820,0.351
①,ソリ開1,KHD　PatentManager用バックアップツールライセンス,外,CIT,6b 情報機器･その他ｿﾌﾄ保守,999,その他,クラシエホールディングス,モノ,4167,0,3203,0,964,0.231,4167,0,3203,0,964,0.231,4167,0,3203,0,964,0.231,4167,0,3203,0,964,0.231,4167,0,3203,0,964,0.231,4167,0,3203,0,964,0.231,4167,0,3203,0,964,0.231,4167,0,3203,0,964,0.231,4163,0,3197,0,966,0.232,4167,0,3203,0,964,0.231,4167,0,3203,0,964,0.231,4167,0,3203,0,964,0.231
①,ソリ開1,KHD　アンケートサーバ用バックアップツールライセンス,外,CIT,6b 情報機器･その他ｿﾌﾄ保守,999,その他,クラシエホールディングス,モノ,4167,0,3203,0,964,0.231,4167,0,3203,0,964,0.231,4167,0,3203,0,964,0.231,4167,0,3203,0,964,0.231,4163,0,3197,0,966,0.232,4167,0,3203,0,964,0.231,4167,0,3203,0,964,0.231,4167,0,3203,0,964,0.231,4167,0,3203,0,964,0.231,4167,0,3203,0,964,0.231,4167,0,3203,0,964,0.231,4167,0,3203,0,964,0.231
①,ソリ開1,カネボウ労働組合西日本支部　5年保守　デリバリー保守パック,外,CIT,6b 情報機器･その他ｿﾌﾄ保守,999,その他,クラシエホールディングス,モノ,983,0,885,0,98,0.1,983,0,885,0,98,0.1,983,0,885,0,98,0.1,983,0,885,0,98,0.1,983,0,885,0,98,0.1,983,0,885,0,98,0.1,983,0,885,0,98,0.1,983,0,885,0,98,0.1,983,0,885,0,98,0.1,983,0,885,0,98,0.1,983,0,885,0,98,0.1,983,0,885,0,98,0.1
①,ソリ開1,カネボウ労働組合西日本支部　デスクトップPC1台　5年オンサイト保守,外,CIT,6b 情報機器･その他ｿﾌﾄ保守,999,その他,クラシエホールディングス,モノ,375,0,247,0,128,0.341,375,0,247,0,128,0.341,375,0,247,0,128,0.341,375,0,247,0,128,0.341,375,0,247,0,128,0.341,375,0,247,0,128,0.341,375,0,247,0,128,0.341,375,0,247,0,128,0.341,375,0,247,0,128,0.341,375,0,247,0,128,0.341,375,0,247,0,128,0.341,375,0,247,0,128,0.341
①,ソリ開1,カネボウ労働組合西日本支部　ウイルスチェック機能 拡張・延長 パック 5年,外,CIT,6b 情報機器･その他ｿﾌﾄ保守,999,その他,クラシエホールディングス,モノ,235,0,222,0,13,0.055,235,0,222,0,13,0.055,235,0,222,0,13,0.055,235,0,222,0,13,0.055,235,0,222,0,13,0.055,235,0,222,0,13,0.055,235,0,222,0,13,0.055,235,0,222,0,13,0.055,235,0,222,0,13,0.055,235,0,222,0,13,0.055,235,0,222,0,13,0.055,235,0,222,0,13,0.055
①,ソリ開1,カネボウ労組　西日本支部　McAfee Endpoint Protection,外,CIT,6b 情報機器･その他ｿﾌﾄ保守,999,その他,クラシエホールディングス,モノ,1054,0,842,0,212,0.201,1054,0,842,0,212,0.201,1054,0,842,0,212,0.201,1054,0,842,0,212,0.201,1054,0,842,0,212,0.201,1054,0,842,0,212,0.201,1054,0,842,0,212,0.201,1054,0,842,0,212,0.201,1054,0,842,0,212,0.201,1056,0,838,0,218,0.206,1054,0,842,0,212,0.201,1054,0,842,0,212,0.201
①,ソリ開1,カネボウ労組　東日本支部　McAfee Endpoint Protection,外,CIT,6b 情報機器･その他ｿﾌﾄ保守,999,その他,クラシエホールディングス,モノ,1265,0,1010,0,255,0.202,1265,0,1010,0,255,0.202,1265,0,1010,0,255,0.202,1265,0,1010,0,255,0.202,1265,0,1010,0,255,0.202,1265,0,1010,0,255,0.202,1265,0,1010,0,255,0.202,1265,0,1010,0,255,0.202,1265,0,1010,0,255,0.202,1265,0,1010,0,255,0.202,1265,0,1010,0,255,0.202,1265,0,1010,0,255,0.202
①,ソリ開1,KHP SQL（SA付）ライセンス（gonntani用）,外,CIT,6b 情報機器･その他ｿﾌﾄ保守,999,その他,クラシエホールディングス,モノ,49583,0,47625,0,1958,0.039,49583,0,47625,0,1958,0.039,33596,0,32262,0,1334,0.04,0,0,0,0,0,0,0,0,0,0,0,0,0,0,0,0,0,0,0,0,0,0,0,0,0,0,0,0,0,0,0,0,0,0,0,0,0,0,0,0,0,0,0,0,0,0,0,0,0,0,0,0,0,0
①,ソリ開1,統合ファイルサーバ（ハードウェア）保守更新(202006月-202105月）,外,CIT,6b 情報機器･その他ｿﾌﾄ保守,999,その他,クラシエホールディングス,モノ,40210,0,38196,0,2014,0.05,40210,0,38196,0,2014,0.05,40210,0,38196,0,2014,0.05,40210,0,38196,0,2014,0.05,40210,0,38192,0,2018,0.05,0,0,0,0,0,0,0,0,0,0,0,0,0,0,0,0,0,0,0,0,0,0,0,0,0,0,0,0,0,0,0,0,0,0,0,0,0,0,0,0,0,0
①,ソリ開1,統合ファイルサーバ（ハードウェア）保守更新(202106月-202205月）,外,CIT,6b 情報機器･その他ｿﾌﾄ保守,999,その他,クラシエホールディングス,モノ,0,0,0,0,0,0,0,0,0,0,0,0,0,0,0,0,0,0,0,0,0,0,0,0,0,0,0,0,0,0,40210,0,38196,0,2014,0.05,40210,0,38196,0,2014,0.05,40210,0,38196,0,2014,0.05,40210,0,38196,0,2014,0.05,40210,0,38196,0,2014,0.05,40210,0,38196,0,2014,0.05,40210,0,38196,0,2014,0.05
④,ソリ開1,KP　AS400　ラインプリンターリプレース,外,CIT,6a 情報機器･その他ｿﾌﾄ販売,999,その他,クラシエホールディングス,モノ,,,,,,,,,,,,,,,,,,,,,,,,,,,,,,,,,,,,,,,,,,,,,,,,,,,,,,,,,,,,,,,,,,,,,,,,
④,ソリ開1,Win10問い合わせ窓口業務,外,CIT,5a 個別運用保守ｻｰﾋﾞｽ,999,その他,クラシエホールディングス,ヒト,,,,,,,,,,,,,,,,,,,,,,,,,,,,,,,,,,,,,,,,,,,,,,,,,,,,,,,,,,,,,,,,,,,,,,,,
④,ソリ開1,基幹LAN更改　cisco保守（5年間）,外,CIT,6b 情報機器･その他ｿﾌﾄ保守,999,その他,クラシエホールディングス,モノ,,,,,,,,,,,,,,,,,,,,,,,,,,,,,,,,,,,,,,,,,,,,,,,,,,,,,,,,,,,,,,,,,,,,,,,,
④,ソリ開1,基幹LAN更改　UPS保守（5年間）,外,CIT,6b 情報機器･その他ｿﾌﾄ保守,999,その他,クラシエホールディングス,モノ,,,,,,,,,,,,,,,,,,,,,,,,,,,,,,,,,,,,,,,,,,,,,,,,,,,,,,,,,,,,,,,,,,,,,,,,
④,ソリ開1,HCM関連　JP1ライセンス保守費用,外,CIT,6b 情報機器･その他ｿﾌﾄ保守,999,その他,クラシエホールディングス,モノ,,,,,,,,,,,,,,,,,,,,,,,,,,,,,,,,,,,,,,,,,,,,,,,,,,,,,,,,,,,,,,,,,,,,,,,,
①,ソリ開1,KHP 予算管理システム保守,外,CIT,2b 個別案件型ｼｽﾃﾑ開発保守ｻｰﾋﾞｽ,405,APL,クラシエホールディングス,モノ,100000,78000,5000,0,17000,0.17,100000,78000,5000,0,17000,0.17,100000,78000,5000,0,17000,0.17,100000,78000,5000,0,17000,0.17,100000,78000,5000,0,17000,0.17,100000,78000,5000,0,17000,0.17,100000,78000,5000,0,17000,0.17,100000,78000,5000,0,17000,0.17,100000,78000,5000,0,17000,0.17,100000,78000,5000,0,17000,0.17,100000,78000,5000,0,17000,0.17,100000,78000,5000,0,17000,0.17
①,ソリ開1,KHP  新型無線LAN(ランニング費用),外,CIT,6b 情報機器･その他ｿﾌﾄ保守,999,その他,クラシエホールディングス,モノ,19080,0,12375,0,6705,0.351,19080,0,12375,0,6705,0.351,19080,0,12375,0,6705,0.351,19080,0,12375,0,6705,0.351,19080,0,12375,0,6705,0.351,19080,0,12375,0,6705,0.351,19080,0,12375,0,6705,0.351,19080,0,12375,0,6705,0.351,19080,0,12375,0,6705,0.351,19080,0,12375,0,6705,0.351,19080,0,12375,0,6705,0.351,19080,0,12375,0,6705,0.351
④,ソリ開1,SAP　RSK関連サーバリプレース（JP1作業）,外,CIT,2a 個別案件型ｼｽﾃﾑ開発,999,その他,クラシエホールディングス,ヒト,,,,,,,,,,,,,,,,,,,,,,,,,,,,,,,,,,,,,,,,,,,,,,,,,,,,,,,,,,,,,,,,,,,,,,,,
④,ソリ開1,サーバルーム指紋認証装置リプレース,外,CIT,6a 情報機器･その他ｿﾌﾄ販売,999,その他,クラシエホールディングス,モノ,,,,,,,,,,,,,,,,,,,,,,,,,,,,,,,,,,,,,,,,,,,,,,,,,,,,,,,,,,,,,,,,,,,,,,,,
④,ソリ開1,Proxy関連サーバリプレース,外,CIT,6a 情報機器･その他ｿﾌﾄ販売,999,その他,クラシエホールディングス,モノ,,,,,,,,,,,,,,,,,,,,,,,,,,,,,,,,,,,,,,,,,,,,,,,,,,,,,,,,,,,,,,,,,,,,,,,,
④,ソリ開1,★OutSystems導入支援（上期、気合）,対象外,CIT,2a 個別案件型ｼｽﾃﾑ開発,405,APL,ISID,ヒト,,,,,,,,,,,,,,,,,,,,,,,,,,,,,,,,,,,,,,,,,,,,,,,,,,,,,,,,,,,,,,,,,,,,,,,,
④,ソリ開1,★OutSystems導入支援（下期、気合）,対象外,CIT,2a 個別案件型ｼｽﾃﾑ開発,405,APL,ISID,ヒト,,,,,,,,,,,,,,,,,,,,,,,,,,,,,,,,,,,,,,,,,,,,,,,,,,,,,,,,,,,,,,,,,,,,,,,,
④,ソリ開1,HCM サポートサイト追加開発,内,CIT,2b 個別案件型ｼｽﾃﾑ開発保守ｻｰﾋﾞｽ,405,APL,ISID,ヒト,,,,,,,,,,,,,,,,,,,,,,,,,,,,,,,,,,,,,,,,,,,,,,,,,,,,,,,,,,,,,,,,,,,,,,,,
④,ソリ開1,KHP国際 需給管理システム追加開発,外,CIT,2a 個別案件型ｼｽﾃﾑ開発,405,APL,クラシエホールディングス,ヒト,,,,,,,,,,,,,,,,,,,,,,,,,,,,,,,,,,,,,,,,,,,,,,,,,,,,,,,,,,,,,,,,,,,,,,,,
①,ソリ開1,アンリツ様Orchestrator導入支援,内,CIT,2a 個別案件型ｼｽﾃﾑ開発,405,APL,ISID,ヒト,814000,468000,5000,0,341000,0.419,0,0,0,0,0,0,0,0,0,0,0,0,0,0,0,0,0,0,0,0,0,0,0,0,0,0,0,0,0,0,0,0,0,0,0,0,0,0,0,0,0,0,0,0,0,0,0,0,0,0,0,0,0,0,0,0,0,0,0,0,0,0,0,0,0,0
④,ソリ開1,モスフードサービス様Dynamics365とe-mossles連携,内,CIT,2a 個別案件型ｼｽﾃﾑ開発,405,APL,ISID,ヒト,,,,,,,,,,,,,,,,,,,,,,,,,,,,,,,,,,,,,,,,,,,,,,,,,,,,,,,,,,,,,,,,,,,,,,,,
④,ソリ開1,KPインフラ基盤リプレース,外,CIT,6a 情報機器･その他ｿﾌﾄ販売,999,その他,クラシエホールディングス,モノ,,,,,,,,,,,,,,,,,,,,,,,,,,,,,,,,,,,,,,,,,,,,,,,,,,,,,,,,,,,,,,,,,,,,,,,,
①,ソリ開1,基幹LAN更改　ciscoHW・UPS,外,CIT,6b 情報機器･その他ｿﾌﾄ保守,999,その他,クラシエホールディングス,モノ,0,0,0,0,0,0,0,0,0,0,0,0,3222300,0,3125000,0,97300,0.03,0,0,0,0,0,0,0,0,0,0,0,0,0,0,0,0,0,0,0,0,0,0,0,0,0,0,0,0,0,0,0,0,0,0,0,0,0,0,0,0,0,0,0,0,0,0,0,0,0,0,0,0,0,0
①,ソリ開1,基幹LAN更改　ciscoSW（5年間）,外,CIT,6b 情報機器･その他ｿﾌﾄ保守,999,その他,クラシエホールディングス,モノ,0,0,0,0,0,0,0,0,0,0,0,0,100590,0,97500,0,3090,0.031,50295,0,48750,0,1545,0.031,50295,0,48750,0,1545,0.031,50295,0,48750,0,1545,0.031,50295,0,48750,0,1545,0.031,50295,0,48750,0,1545,0.031,50295,0,48750,0,1545,0.031,50295,0,48750,0,1545,0.031,50295,0,48750,0,1545,0.031,50295,0,48750,0,1545,0.031
①,ソリ開1,基幹LAN更改　作業,外,CIT,2a 個別案件型ｼｽﾃﾑ開発,999,その他,クラシエホールディングス,ヒト,0,0,0,0,0,0,0,0,0,0,0,0,0,0,0,0,0,0,3280000,1748000,660000,317196,554804,0.169,0,0,0,0,0,0,0,0,0,0,0,0,0,0,0,0,0,0,0,0,0,0,0,0,0,0,0,0,0,0,0,0,0,0,0,0,0,0,0,0,0,0,0,0,0,0,0,0
①,ソリ開1,HCMシステム向け　JP1サポートサービス,外,CIT,6b 情報機器･その他ｿﾌﾄ保守,999,その他,クラシエホールディングス,モノ,35100,0,31590,0,3510,0.1,35100,0,31590,0,3510,0.1,35100,0,31590,0,3510,0.1,35100,0,31590,0,3510,0.1,35100,0,31590,0,3510,0.1,35100,0,31590,0,3510,0.1,35100,0,31590,0,3510,0.1,35100,0,31590,0,3510,0.1,35100,0,31590,0,3510,0.1,35100,0,31590,0,3510,0.1,35100,0,31590,0,3510,0.1,0,0,0,0,0,0
①,ソリ開1,HCMシステム向け　Oracle DBライセンス保守付き（１年）,外,CIT,6b 情報機器･その他ｿﾌﾄ保守,999,その他,クラシエホールディングス,モノ,14700,0,13230,0,1470,0.1,14700,0,13230,0,1470,0.1,14700,0,13230,0,1470,0.1,14700,0,13230,0,1470,0.1,14700,0,13230,0,1470,0.1,14700,0,13230,0,1470,0.1,14700,0,13230,0,1470,0.1,14700,0,13230,0,1470,0.1,14700,0,13230,0,1470,0.1,14700,0,13230,0,1470,0.1,14700,0,13230,0,1470,0.1,9010,0,8109,0,901,0.1
①,ソリ開1,HCMシステム向け　JP1サポートサービス（21年12月更新),外,CIT,6b 情報機器･その他ｿﾌﾄ保守,999,その他,クラシエホールディングス,モノ,0,0,0,0,0,0,0,0,0,0,0,0,0,0,0,0,0,0,0,0,0,0,0,0,0,0,0,0,0,0,0,0,0,0,0,0,0,0,0,0,0,0,0,0,0,0,0,0,0,0,0,0,0,0,0,0,0,0,0,0,0,0,0,0,0,0,35100,0,31590,0,3510,0.1
①,ソリ開1,HCMシステム向け　Oracle DBライセンス保守付き（１年）(21年12月更新 ）,外,CIT,6b 情報機器･その他ｿﾌﾄ保守,999,その他,クラシエホールディングス,モノ,0,0,0,0,0,0,0,0,0,0,0,0,0,0,0,0,0,0,0,0,0,0,0,0,0,0,0,0,0,0,0,0,0,0,0,0,0,0,0,0,0,0,0,0,0,0,0,0,0,0,0,0,0,0,0,0,0,0,0,0,0,0,0,0,0,0,5690,0,5121,0,569,0.1
①,ソリ開1,セキセイT&C様　サーバリプレース（UPS保守）,外,CIT,6b 情報機器･その他ｿﾌﾄ保守,999,その他,クラシエホールディングス,モノ,2963,0,2369,0,594,0.2,2963,0,2369,0,594,0.2,2963,0,2369,0,594,0.2,2963,0,2369,0,594,0.2,2963,0,2369,0,594,0.2,2963,0,2369,0,594,0.2,2963,0,2369,0,594,0.2,2963,0,2369,0,594,0.2,2963,0,2369,0,594,0.2,2963,0,2369,0,594,0.2,2963,0,2369,0,594,0.2,2963,0,2369,0,594,0.2
①,ソリ開1,セキセイT&C様　サーバリプレース（バッファローNAS）5年保守,外,CIT,6b 情報機器･その他ｿﾌﾄ保守,999,その他,クラシエホールディングス,モノ,308,0,277,0,31,0.101,308,0,277,0,31,0.101,308,0,277,0,31,0.101,308,0,277,0,31,0.101,308,0,277,0,31,0.101,308,0,277,0,31,0.101,308,0,277,0,31,0.101,308,0,277,0,31,0.101,308,0,277,0,31,0.101,308,0,277,0,31,0.101,308,0,277,0,31,0.101,308,0,277,0,31,0.101
①,ソリ開1,KHP国際 需給管理システム本発注数量一括更新機能追加,外,CIT,2a 個別案件型ｼｽﾃﾑ開発,405,APL,クラシエホールディングス,ヒト,960000,500000,0,36300,423700,0.441,0,0,0,0,0,0,0,0,0,0,0,0,0,0,0,0,0,0,0,0,0,0,0,0,0,0,0,0,0,0,0,0,0,0,0,0,0,0,0,0,0,0,0,0,0,0,0,0,0,0,0,0,0,0,0,0,0,0,0,0,0,0,0,0,0,0
①,ソリ開1,KHP国際 需給管理システム輸出帳票機能追加,外,CIT,2a 個別案件型ｼｽﾃﾑ開発,405,APL,クラシエホールディングス,ヒト,0,0,0,0,0,0,0,0,0,0,0,0,3241000,2384000,0,75706,781294,0.241,0,0,0,0,0,0,0,0,0,0,0,0,0,0,0,0,0,0,0,0,0,0,0,0,0,0,0,0,0,0,0,0,0,0,0,0,0,0,0,0,0,0,0,0,0,0,0,0,0,0,0,0,0,0
①,ソリ開1,キャタラー Uipath教育 2回目,外,CIT,2b 個別案件型ｼｽﾃﾑ開発保守ｻｰﾋﾞｽ,405,APL,キャタラー,ヒト,0,0,0,0,0,0,0,0,0,0,0,0,630000,429000,0,0,201000,0.319,0,0,0,0,0,0,0,0,0,0,0,0,0,0,0,0,0,0,0,0,0,0,0,0,0,0,0,0,0,0,0,0,0,0,0,0,0,0,0,0,0,0,0,0,0,0,0,0,0,0,0,0,0,0
④,ソリ開1,OLC KPIレポート作成 202001-04,内,CIT,2b 個別案件型ｼｽﾃﾑ開発保守ｻｰﾋﾞｽ,405,APL,ISID,ヒト,,,,,,,,,,,,,,,,,,,,,,,,,,,,,,,,,,,,,,,,,,,,,,,,,,,,,,,,,,,,,,,,,,,,,,,,
④,ソリ開1,OLC KPIレポート作成 202005-08,内,CIT,2b 個別案件型ｼｽﾃﾑ開発保守ｻｰﾋﾞｽ,405,APL,ISID,ヒト,,,,,,,,,,,,,,,,,,,,,,,,,,,,,,,,,,,,,,,,,,,,,,,,,,,,,,,,,,,,,,,,,,,,,,,,
④,ソリ開1,OLC KPIレポート作成 202009-12,内,CIT,2b 個別案件型ｼｽﾃﾑ開発保守ｻｰﾋﾞｽ,405,APL,ISID,ヒト,,,,,,,,,,,,,,,,,,,,,,,,,,,,,,,,,,,,,,,,,,,,,,,,,,,,,,,,,,,,,,,,,,,,,,,,
①,ソリ開1,モスフードサービスカオナビ連携対象追加対応,内,CIT,2a 個別案件型ｼｽﾃﾑ開発,405,APL,ISID,ヒト,0,0,0,0,0,0,0,0,0,0,0,0,430000,234000,0,0,196000,0.456,0,0,0,0,0,0,0,0,0,0,0,0,0,0,0,0,0,0,0,0,0,0,0,0,0,0,0,0,0,0,0,0,0,0,0,0,0,0,0,0,0,0,0,0,0,0,0,0,0,0,0,0,0,0
①,ソリ開1,基幹LAN更改　保守1年目（5年間）,外,CIT,6b 情報機器･その他ｿﾌﾄ保守,999,その他,クラシエホールディングス,モノ,0,0,0,0,0,0,0,0,0,0,0,0,63750,0,60600,0,3150,0.049,42500,0,40400,0,2100,0.049,42500,0,40400,0,2100,0.049,42500,0,40400,0,2100,0.049,42500,0,40400,0,2100,0.049,42500,0,40400,0,2100,0.049,42500,0,40400,0,2100,0.049,42500,0,40400,0,2100,0.049,42500,0,40400,0,2100,0.049,42500,0,40400,0,2100,0.049
①,ソリ開1,パラマウントベッド RPA保守サポート 202101-06,内,CIT,2b 個別案件型ｼｽﾃﾑ開発保守ｻｰﾋﾞｽ,405,APL,ISID,ヒト,192000,78000,0,36300,77700,0.405,192000,78000,0,36300,77700,0.405,192000,78000,0,36300,77700,0.405,192000,78000,0,36300,77700,0.405,192000,78000,0,36300,77700,0.405,192000,78000,0,36300,77700,0.405,0,0,0,0,0,0,0,0,0,0,0,0,0,0,0,0,0,0,0,0,0,0,0,0,0,0,0,0,0,0,0,0,0,0,0,0
①,ソリ開1,紀伊産業IBMパスポート・アドバンテージ,外,CIT,6b 情報機器･その他ｿﾌﾄ保守,999,その他,紀伊産業株式会社,モノ,13400,0,12194,0,1206,0.09,0,0,0,0,0,0,0,0,0,0,0,0,0,0,0,0,0,0,0,0,0,0,0,0,0,0,0,0,0,0,0,0,0,0,0,0,0,0,0,0,0,0,0,0,0,0,0,0,0,0,0,0,0,0,0,0,0,0,0,0,0,0,0,0,0,0
①,ソリ開1,KP様無線LAN(4 台)（初期費用）,外,CIT,6a 情報機器･その他ｿﾌﾄ販売,999,その他,クラシエホールディングス,モノ,0,0,0,0,0,0,0,0,0,0,0,0,0,0,0,0,0,0,0,0,0,0,0,0,307200,0,255200,0,52000,0.169,0,0,0,0,0,0,0,0,0,0,0,0,0,0,0,0,0,0,0,0,0,0,0,0,0,0,0,0,0,0,0,0,0,0,0,0,0,0,0,0,0,0
①,ソリ開1,KP様無線LAN(4台) （ランニング）,外,CIT,6b 情報機器･その他ｿﾌﾄ保守,999,その他,クラシエホールディングス,モノ,0,0,0,0,0,0,0,0,0,0,0,0,0,0,0,0,0,0,0,0,0,0,0,0,0,0,0,0,0,0,8480,0,5500,0,2980,0.351,8480,0,5500,0,2980,0.351,8480,0,5500,0,2980,0.351,8480,0,5500,0,2980,0.351,8480,0,5500,0,2980,0.351,8480,0,5500,0,2980,0.351,8480,0,5500,0,2980,0.351
①,ソリ開1,KHP SQL Server Standard　コアライセンス SA件保守(2年間）,外,CIT,6b 情報機器･その他ｿﾌﾄ保守,999,その他,クラシエホールディングス,モノ,0,0,0,0,0,0,0,0,0,0,0,0,5546,0,5268,0,278,0.05,17192,0,16332,0,860,0.05,17192,0,16332,0,860,0.05,17192,0,16332,0,860,0.05,17192,0,16332,0,860,0.05,17192,0,16332,0,860,0.05,17192,0,16332,0,860,0.05,17192,0,16332,0,860,0.05,17192,0,16332,0,860,0.05,17192,0,16332,0,860,0.05
①,ソリ開1,OLC様FAQ関連作業（2月分）,内,CIT,2b 個別案件型ｼｽﾃﾑ開発保守ｻｰﾋﾞｽ,405,APL,ISID,ヒト,0,0,0,0,0,0,220000,180000,0,0,40000,0.182,0,0,0,0,0,0,0,0,0,0,0,0,0,0,0,0,0,0,0,0,0,0,0,0,0,0,0,0,0,0,0,0,0,0,0,0,0,0,0,0,0,0,0,0,0,0,0,0,0,0,0,0,0,0,0,0,0,0,0,0
①,ソリ開1,OLC様FAQ関連作業（3月分）,内,CIT,2b 個別案件型ｼｽﾃﾑ開発保守ｻｰﾋﾞｽ,405,APL,ISID,ヒト,0,0,0,0,0,0,0,0,0,0,0,0,477500,315000,0,72600,89900,0.188,0,0,0,0,0,0,0,0,0,0,0,0,0,0,0,0,0,0,0,0,0,0,0,0,0,0,0,0,0,0,0,0,0,0,0,0,0,0,0,0,0,0,0,0,0,0,0,0,0,0,0,0,0,0
①,ソリ開1,OLC様IF基盤保守運用作業（3月分）,内,CIT,2b 個別案件型ｼｽﾃﾑ開発保守ｻｰﾋﾞｽ,405,APL,ISID,ヒト,0,0,0,0,0,0,0,0,0,0,0,0,220000,0,0,145200,74800,0.34,0,0,0,0,0,0,0,0,0,0,0,0,0,0,0,0,0,0,0,0,0,0,0,0,0,0,0,0,0,0,0,0,0,0,0,0,0,0,0,0,0,0,0,0,0,0,0,0,0,0,0,0,0,0
①,ソリ開1,KHD TS-2550タイムサーバー機器保守　21年度更新分,外,CIT,6b 情報機器･その他ｿﾌﾄ保守,999,その他,クラシエホールディングス,モノ,0,0,0,0,0,0,0,0,0,0,0,0,0,0,0,0,0,0,8750,0,8312,0,438,0.05,8750,0,8312,0,438,0.05,8750,0,8312,0,438,0.05,8750,0,8312,0,438,0.05,8750,0,8312,0,438,0.05,8750,0,8312,0,438,0.05,8750,0,8312,0,438,0.05,8750,0,8312,0,438,0.05,8750,0,8312,0,438,0.05
①,ソリ開1,新ゲート管理システム HW・SW【カードプリンター保守】,外,CIT,6b 情報機器･その他ｿﾌﾄ保守,999,その他,スバル興業,モノ,0,0,0,0,0,0,0,0,0,0,0,0,0,0,0,0,0,0,10300,0,8750,0,1550,0.15,10300,0,8750,0,1550,0.15,10300,0,8750,0,1550,0.15,10300,0,8750,0,1550,0.15,10300,0,8750,0,1550,0.15,10300,0,8750,0,1550,0.15,10300,0,8750,0,1550,0.15,10300,0,8750,0,1550,0.15,10300,0,8750,0,1550,0.15
①,ソリ開1,レジシステム刷新　機器一式（夢の島マリーナレストラン）,外,CIT,6a 情報機器･その他ｿﾌﾄ販売,999,その他,スバル興業,モノ,0,0,0,0,0,0,0,0,0,0,0,0,0,0,0,0,0,0,158700,0,132269,0,26431,0.167,0,0,0,0,0,0,0,0,0,0,0,0,0,0,0,0,0,0,0,0,0,0,0,0,0,0,0,0,0,0,0,0,0,0,0,0,0,0,0,0,0,0,0,0,0,0,0,0
①,ソリ開1,運用保守サポート要員追加　2021年4月～6月作業分,外,CIT,5a 個別運用保守ｻｰﾋﾞｽ,999,その他,クラシエホールディングス,ヒト,0,0,0,0,0,0,0,0,0,0,0,0,0,0,0,0,0,0,685000,570000,0,0,115000,0.168,685000,570000,0,0,115000,0.168,685000,570000,0,0,115000,0.168,0,0,0,0,0,0,0,0,0,0,0,0,0,0,0,0,0,0,0,0,0,0,0,0,0,0,0,0,0,0,0,0,0,0,0,0
①,ソリ開1,OLC様FAQ保守・翻訳関連作業（4-6月）,内,CIT,2b 個別案件型ｼｽﾃﾑ開発保守ｻｰﾋﾞｽ,405,APL,ISID,ヒト,0,0,0,0,0,0,0,0,0,0,0,0,0,0,0,0,0,0,175000,0,0,122100,52900,0.302,175000,0,0,122100,52900,0.302,175000,0,0,122100,52900,0.302,0,0,0,0,0,0,0,0,0,0,0,0,0,0,0,0,0,0,0,0,0,0,0,0,0,0,0,0,0,0,0,0,0,0,0,0
①,ソリ開1,OLC様FAQ_KPIレポート作業（5月）,内,CIT,2b 個別案件型ｼｽﾃﾑ開発保守ｻｰﾋﾞｽ,405,APL,ISID,ヒト,0,0,0,0,0,0,0,0,0,0,0,0,0,0,0,0,0,0,0,0,0,0,0,0,422500,315000,0,0,107500,0.254,0,0,0,0,0,0,0,0,0,0,0,0,0,0,0,0,0,0,0,0,0,0,0,0,0,0,0,0,0,0,0,0,0,0,0,0,0,0,0,0,0,0
①,ソリ開1,OLC様IF基盤保守運用作業（4-6月）,内,CIT,2b 個別案件型ｼｽﾃﾑ開発保守ｻｰﾋﾞｽ,405,APL,ISID,ヒト,0,0,0,0,0,0,0,0,0,0,0,0,0,0,0,0,0,0,1065000,0,5000,798600,261400,0.245,1065000,0,5000,798600,261400,0.245,1065000,0,5000,798600,261400,0.245,0,0,0,0,0,0,0,0,0,0,0,0,0,0,0,0,0,0,0,0,0,0,0,0,0,0,0,0,0,0,0,0,0,0,0,0
①,ソリ開1,OLC様IF基盤開発作業（4-6月）,内,CIT,2a 個別案件型ｼｽﾃﾑ開発,405,APL,ISID,ヒト,0,0,0,0,0,0,0,0,0,0,0,0,0,0,0,0,0,0,420000,0,2500,297000,120500,0.287,420000,0,2500,297000,120500,0.287,420000,0,2500,297000,120500,0.287,0,0,0,0,0,0,0,0,0,0,0,0,0,0,0,0,0,0,0,0,0,0,0,0,0,0,0,0,0,0,0,0,0,0,0,0
①,ソリ開1,OLC様RPA保守運用作業（4-6月）,内,CIT,2b 個別案件型ｼｽﾃﾑ開発保守ｻｰﾋﾞｽ,405,APL,ISID,ヒト,0,0,0,0,0,0,0,0,0,0,0,0,0,0,0,0,0,0,285000,78000,0,135300,71700,0.252,285000,78000,0,135300,71700,0.252,285000,78000,0,135300,71700,0.252,0,0,0,0,0,0,0,0,0,0,0,0,0,0,0,0,0,0,0,0,0,0,0,0,0,0,0,0,0,0,0,0,0,0,0,0
①,ソリ開1,OLC様FAQ保守・翻訳関連作業（7-9月）,内,CIT,2b 個別案件型ｼｽﾃﾑ開発保守ｻｰﾋﾞｽ,405,APL,ISID,ヒト,0,0,0,0,0,0,0,0,0,0,0,0,0,0,0,0,0,0,0,0,0,0,0,0,0,0,0,0,0,0,0,0,0,0,0,0,175000,0,0,122100,52900,0.302,175000,0,0,122100,52900,0.302,175000,0,0,122100,52900,0.302,0,0,0,0,0,0,0,0,0,0,0,0,0,0,0,0,0,0
①,ソリ開1,OLC様FAQ_KPIレポート作業（7月）,内,CIT,2b 個別案件型ｼｽﾃﾑ開発保守ｻｰﾋﾞｽ,405,APL,ISID,ヒト,0,0,0,0,0,0,0,0,0,0,0,0,0,0,0,0,0,0,0,0,0,0,0,0,0,0,0,0,0,0,0,0,0,0,0,0,387500,300000,0,0,87500,0.226,0,0,0,0,0,0,0,0,0,0,0,0,0,0,0,0,0,0,0,0,0,0,0,0,0,0,0,0,0,0
①,ソリ開1,OLC様FAQ_KPIレポート作業（9月）,内,CIT,2b 個別案件型ｼｽﾃﾑ開発保守ｻｰﾋﾞｽ,405,APL,ISID,ヒト,0,0,0,0,0,0,0,0,0,0,0,0,0,0,0,0,0,0,0,0,0,0,0,0,0,0,0,0,0,0,0,0,0,0,0,0,0,0,0,0,0,0,0,0,0,0,0,0,387500,300000,0,0,87500,0.226,0,0,0,0,0,0,0,0,0,0,0,0,0,0,0,0,0,0
①,ソリ開1,OLC様IF基盤保守運用作業（7-9月）,内,CIT,2b 個別案件型ｼｽﾃﾑ開発保守ｻｰﾋﾞｽ,405,APL,ISID,ヒト,0,0,0,0,0,0,0,0,0,0,0,0,0,0,0,0,0,0,0,0,0,0,0,0,0,0,0,0,0,0,0,0,0,0,0,0,1065000,39000,5000,762300,258700,0.243,1065000,39000,5000,762300,258700,0.243,1065000,0,5000,798600,261400,0.245,0,0,0,0,0,0,0,0,0,0,0,0,0,0,0,0,0,0
①,ソリ開1,OLC様IF基盤開発作業（7-9月）,内,CIT,2a 個別案件型ｼｽﾃﾑ開発,405,APL,ISID,ヒト,0,0,0,0,0,0,0,0,0,0,0,0,0,0,0,0,0,0,0,0,0,0,0,0,0,0,0,0,0,0,0,0,0,0,0,0,420000,0,2500,297000,120500,0.287,420000,0,2500,297000,120500,0.287,420000,0,2500,297000,120500,0.287,0,0,0,0,0,0,0,0,0,0,0,0,0,0,0,0,0,0
①,ソリ開1,OLC様RPA保守運用作業（7-9月）,内,CIT,2b 個別案件型ｼｽﾃﾑ開発保守ｻｰﾋﾞｽ,405,APL,ISID,ヒト,0,0,0,0,0,0,0,0,0,0,0,0,0,0,0,0,0,0,0,0,0,0,0,0,0,0,0,0,0,0,0,0,0,0,0,0,285000,117000,0,99000,69000,0.242,285000,117000,0,99000,69000,0.242,285000,78000,0,153450,53550,0.188,0,0,0,0,0,0,0,0,0,0,0,0,0,0,0,0,0,0
①,ソリ開1,OLC様FAQ保守・翻訳関連作業（10-12月）,内,CIT,2b 個別案件型ｼｽﾃﾑ開発保守ｻｰﾋﾞｽ,405,APL,ISID,ヒト,0,0,0,0,0,0,0,0,0,0,0,0,0,0,0,0,0,0,0,0,0,0,0,0,0,0,0,0,0,0,0,0,0,0,0,0,0,0,0,0,0,0,0,0,0,0,0,0,0,0,0,0,0,0,175000,0,0,122100,52900,0.302,175000,0,0,122100,52900,0.302,175000,0,0,122100,52900,0.302
①,ソリ開1,OLC様FAQ_KPIレポート作業（11月）,内,CIT,2b 個別案件型ｼｽﾃﾑ開発保守ｻｰﾋﾞｽ,405,APL,ISID,ヒト,0,0,0,0,0,0,0,0,0,0,0,0,0,0,0,0,0,0,0,0,0,0,0,0,0,0,0,0,0,0,0,0,0,0,0,0,0,0,0,0,0,0,0,0,0,0,0,0,0,0,0,0,0,0,0,0,0,0,0,0,387500,300000,0,0,87500,0.226,0,0,0,0,0,0
①,ソリ開1,OLC様IF基盤保守運用作業（10-12月）,内,CIT,2b 個別案件型ｼｽﾃﾑ開発保守ｻｰﾋﾞｽ,405,APL,ISID,ヒト,0,0,0,0,0,0,0,0,0,0,0,0,0,0,0,0,0,0,0,0,0,0,0,0,0,0,0,0,0,0,0,0,0,0,0,0,0,0,0,0,0,0,0,0,0,0,0,0,0,0,0,0,0,0,1065000,0,5000,798600,261400,0.245,1065000,0,5000,798600,261400,0.245,1065000,0,5000,798600,261400,0.245
①,ソリ開1,OLC様IF基盤開発作業（10-12月）,内,CIT,2a 個別案件型ｼｽﾃﾑ開発,405,APL,ISID,ヒト,0,0,0,0,0,0,0,0,0,0,0,0,0,0,0,0,0,0,0,0,0,0,0,0,0,0,0,0,0,0,0,0,0,0,0,0,0,0,0,0,0,0,0,0,0,0,0,0,0,0,0,0,0,0,420000,0,2500,297000,120500,0.287,420000,0,2500,297000,120500,0.287,420000,0,2500,297000,120500,0.287
①,ソリ開1,OLC様RPA保守運用作業（10-12月）,内,CIT,2b 個別案件型ｼｽﾃﾑ開発保守ｻｰﾋﾞｽ,405,APL,ISID,ヒト,0,0,0,0,0,0,0,0,0,0,0,0,0,0,0,0,0,0,0,0,0,0,0,0,0,0,0,0,0,0,0,0,0,0,0,0,0,0,0,0,0,0,0,0,0,0,0,0,0,0,0,0,0,0,285000,78000,0,135300,71700,0.252,285000,78000,0,135300,71700,0.252,285000,78000,0,135300,71700,0.252
①,ソリ開1,東京夢の島マリーナグリルAirレジ導入支援,外,CIT,2a 個別案件型ｼｽﾃﾑ開発,405,APL,スバル興業,ヒト,0,0,0,0,0,0,0,0,0,0,0,0,0,0,0,0,0,0,0,0,0,0,0,0,0,0,0,0,0,0,420000,351000,0,0,69000,0.164,0,0,0,0,0,0,0,0,0,0,0,0,0,0,0,0,0,0,0,0,0,0,0,0,0,0,0,0,0,0,0,0,0,0,0,0
①,ソリ開1,日産向けKeySQ→PowerQuery移行調査,内,CIT,2a 個別案件型ｼｽﾃﾑ開発,405,APL,ISID,ヒト,0,0,0,0,0,0,0,0,0,0,0,0,0,0,0,0,0,0,900000,507000,5000,211200,176800,0.196,900000,507000,5000,211200,176800,0.196,0,0,0,0,0,0,0,0,0,0,0,0,0,0,0,0,0,0,0,0,0,0,0,0,0,0,0,0,0,0,0,0,0,0,0,0,0,0,0,0,0,0
①,ソリ開1,日産向けPowerQuery開発支援,内,CIT,2a 個別案件型ｼｽﾃﾑ開発,405,APL,ISID,ヒト,0,0,0,0,0,0,0,0,0,0,0,0,0,0,0,0,0,0,0,0,0,0,0,0,0,0,0,0,0,0,735000,586000,5000,0,144000,0.196,735000,601600,5000,0,128400,0.175,735000,586000,5000,0,144000,0.196,735000,586000,5000,0,144000,0.196,0,0,0,0,0,0,0,0,0,0,0,0,0,0,0,0,0,0
①,基幹アプリ,AMOサービス,内,CIT,5a 個別運用保守ｻｰﾋﾞｽ,401,AMO,ISID,ヒト,13650000,4736200,52250,5616600,3244950,0.238,13650000,4736200,52250,5121600,3739950,0.274,13650000,4736200,52250,5121600,3739950,0.274,11709436,3856200,67833,4431900,3353503,0.286,11378857,3856200,63983,4183740,3274934,0.288,11378857,3856200,63983,4183740,3274934,0.288,10680496,3906200,63983,3893340,2816973,0.264,10680496,3906200,63983,3893340,2816973,0.264,10680496,3906200,63983,3893340,2816973,0.264,10807080,3906200,63983,3973200,2863697,0.265,10807080,3906200,63983,3973200,2863697,0.265,10807080,3906200,63983,3973200,2863697,0.265
②,基幹アプリ,AMOサービス 単価交渉,内,CIT,2a 個別案件型ｼｽﾃﾑ開発,401,AMO,ISID,ヒト,0,0,0,0,0,0,0,0,0,0,0,0,0,0,0,0,0,0,0,0,0,0,0,0,0,0,0,0,0,0,0,0,0,0,0,0,0,0,0,0,0,0,0,0,0,0,0,0,0,0,0,0,0,0,0,0,0,0,0,0,0,0,0,0,0,0,0,0,0,0,0,0
③,基幹アプリ,AMOサービス TP追加未確定分(SAP),内,CIT,2a 個別案件型ｼｽﾃﾑ開発,401,AMO,ISID,ヒト,,,,,,,,,,,,,,,,,,,,,,,,,,,,,,,,,,,,,,,,,,,,,,,,,,,,,,,,,,,,,,,,,,,,,,,,
③,基幹アプリ,AMOサービス TP追加未確定分(BI),内,CIT,2a 個別案件型ｼｽﾃﾑ開発,406,BI,ISID,ヒト,,,,,,,,,,,,,,,,,,,,,,,,,,,,,,,,,,,,,,,,,,,,,,,,,,,,,,,,,,,,,,,,,,,,,,,,
①,基幹アプリ,ANA Cargoアプリ保守,内,CIT,2a 個別案件型ｼｽﾃﾑ開発,406,BI,ISID,ヒト,2890000,1850000,6000,217800,816200,0.282,2890000,1850000,6000,217800,816200,0.282,2890000,1850000,6000,217800,816200,0.282,2140000,1400000,4000,217800,518200,0.242,2140000,1400000,4000,217800,518200,0.242,2140000,1400000,4000,217800,518200,0.242,2140000,1500000,4000,217800,418200,0.195,2140000,1500000,4000,217800,418200,0.195,2140000,1500000,4000,217800,418200,0.195,1250000,750000,4000,217800,278200,0.223,1250000,750000,4000,217800,278200,0.223,1250000,750000,4000,217800,278200,0.223
④,基幹アプリ,アークアウトソーシング BI開発保守,外,BS,2a 個別案件型ｼｽﾃﾑ開発,406,BI,アークアウトソーシング,ヒト,,,,,,,,,,,,,,,,,,,,,,,,,,,,,,,,,,,,,,,,,,,,,,,,,,,,,,,,,,,,,,,,,,,,,,,,
④,基幹アプリ,AO真水 AMO NoName,外,CIT,2a 個別案件型ｼｽﾃﾑ開発,401,AMO,未定,ヒト,,,,,,,,,,,,,,,,,,,,,,,,,,,,,,,,,,,,,,,,,,,,,,,,,,,,,,,,,,,,,,,,,,,,,,,,
①,基幹アプリ,ANA Cargoアプリ保守（要員追加）,内,CIT,2a 個別案件型ｼｽﾃﾑ開発,406,BI,ISID,ヒト,0,0,0,0,0,0,0,0,0,0,0,0,0,0,0,0,0,0,0,0,0,0,0,0,0,0,0,0,0,0,0,0,0,0,0,0,0,0,0,0,0,0,0,0,0,0,0,0,0,0,0,0,0,0,0,0,0,0,0,0,0,0,0,0,0,0,0,0,0,0,0,0
③,基幹アプリ,AMOサービス TP追加未確定分(BI TEL),内,CIT,2a 個別案件型ｼｽﾃﾑ開発,406,BI,ISID,ヒト,,,,,,,,,,,,,,,,,,,,,,,,,,,,,,,,,,,,,,,,,,,,,,,,,,,,,,,,,,,,,,,,,,,,,,,,
①,基幹アプリ,AMOサービス TP追加確定分(SAP),内,CIT,2a 個別案件型ｼｽﾃﾑ開発,401,AMO,ISID,ヒト,0,0,0,0,0,0,0,0,0,0,0,0,0,0,0,0,0,0,1037500,880000,0,0,157500,0.152,1037500,880000,0,0,157500,0.152,1037500,880000,0,0,157500,0.152,0,0,0,0,0,0,0,0,0,0,0,0,0,0,0,0,0,0,0,0,0,0,0,0,0,0,0,0,0,0,0,0,0,0,0,0
①,基幹アプリ,AMOサービス TP追加確定分(BI),内,CIT,2a 個別案件型ｼｽﾃﾑ開発,406,BI,ISID,ヒト,1880000,1400000,0,0,480000,0.255,1880000,1400000,0,0,480000,0.255,1880000,1400000,0,0,480000,0.255,1888000,1400000,0,0,488000,0.258,1888000,1400000,0,0,488000,0.258,1888000,1400000,0,0,488000,0.258,0,0,0,0,0,0,0,0,0,0,0,0,0,0,0,0,0,0,0,0,0,0,0,0,0,0,0,0,0,0,0,0,0,0,0,0
①,基幹アプリ,AMOサービス TP追加確定分(BI TEL),内,CIT,2a 個別案件型ｼｽﾃﾑ開発,406,BI,ISID,ヒト,0,0,0,0,0,0,0,0,0,0,0,0,1800000,1240000,0,0,560000,0.311,0,0,0,0,0,0,0,0,0,0,0,0,0,0,0,0,0,0,0,0,0,0,0,0,0,0,0,0,0,0,0,0,0,0,0,0,0,0,0,0,0,0,0,0,0,0,0,0,0,0,0,0,0,0
③,基幹アプリ,AMOサービス BI中途,内,CIT,2a 個別案件型ｼｽﾃﾑ開発,406,BI,ISID,ヒト,,,,,,,,,,,,,,,,,,,,,,,,,,,,,,,,,,,,,,,,,,,,,,,,,,,,,,,,,,,,,,,,,,,,,,,,
④,基幹アプリ,★気合（基幹アプリ部）,対象外,CIT,2a 個別案件型ｼｽﾃﾑ開発,401,AMO,未定,ヒト,,,,,,,,,,,,,,,,,,,,,,,,,,,,,,,,,,,,,,,,,,,,,,,,,,,,,,,,,,,,,,,,,,,,,,,,
①,基幹アプリ,AMOサービス BI TP,内,CIT,2a 個別案件型ｼｽﾃﾑ開発,406,BI,ISID,ヒト,,,,,0,0,,,,,0,0,940000,750000,0,0,190000,0.202,944000,750000,0,0,194000,0.206,944000,750000,0,0,194000,0.206,944000,750000,0,0,194000,0.206,,,,,0,0,,,,,0,0,,,,,0,0,,,,,0,0,,,,,0,0,,,,,0,0
③,基幹アプリ,ANA Cargoアプリ保守(未確定分),内,CIT,2a 個別案件型ｼｽﾃﾑ開発,406,BI,ISID,ヒト,,,,,,,,,,,,,,,,,,,,,,,,,,,,,,,,,,,,,,,,,,,,,,,,,,,,,,,,,,,,,,,,,,,,,,,,
①,基幹アプリ,イツワ商事 SAP開発支援（AO真水）,外,CIT,2a 個別案件型ｼｽﾃﾑ開発,401,AMO,イツワ商事,ヒト,,,,,0,0,,,,,0,0,,,,,0,0,,,,,0,0,,,,,0,0,2560000,1900000,6000,79860,574140,0.224,2560000,1900000,6000,79860,574140,0.224,2560000,1900000,6000,79860,574140,0.224,0,0,0,0,0,0,,,,,0,0,,,,,0,0,,,,,0,0
①,基幹アプリ,東京エレクトロン GMX保守,内,CIT,2a 個別案件型ｼｽﾃﾑ開発,406,BI,ISID,ヒト,,,,,0,0,,,,,0,0,,,,,0,0,0,0,0,0,0,0,0,0,0,0,0,0,4545000,1860000,6000,1188133,1490867,0.328,,,,,0,0,,,,,0,0,,,,,0,0,,,,,0,0,,,,,0,0,,,,,0,0
③,基幹アプリ,東京エレクトロン GMX保守 7-9月,内,CIT,2a 個別案件型ｼｽﾃﾑ開発,406,BI,ISID,ヒト,,,,,,,,,,,,,,,,,,,,,,,,,,,,,,,,,,,,,,,,,,,,,,,,,,,,,,,,,,,,,,,,,,,,,,,,
③,基幹アプリ,東京エレクトロン GMX保守 10-12月,内,CIT,2a 個別案件型ｼｽﾃﾑ開発,406,BI,ISID,ヒト,,,,,,,,,,,,,,,,,,,,,,,,,,,,,,,,,,,,,,,,,,,,,,,,,,,,,,,,,,,,,,,,,,,,,,,,
①,基幹アプリ,AMOサービス TP追加（講談社BI）,内,CIT,2a 個別案件型ｼｽﾃﾑ開発,406,BI,ISID,ヒト,,,,,0,0,,,,,0,0,,,,,0,0,,,,,0,0,,,,,0,0,900000,680000,2000,0,218000,0.242,,,,,0,0,,,,,0,0,,,,,0,0,,,,,0,0,,,,,0,0,,,,,0,0
①,ソリ開2,STRAVIS開発・保守,内,BS,5a 個別運用保守ｻｰﾋﾞｽ,307,STRAVIS製品開発,ISID,ヒト,0,,,0,0,0,0,,,0,0,0,0,,,0,0,0,6530000,,,5577000,953000,0.146,6530000,,,5577000,953000,0.146,6530000,,,5577000,953000,0.146,6315000,,,5577000,738000,0.117,6315000,,,5577000,738000,0.117,6315000,,,5577000,738000,0.117,6315000,,,5577000,738000,0.117,6315000,,,5577000,738000,0.117,6315000,,,5577000,738000,0.117
①,ソリ開2,STRAVIS 開発（出口）,内,BS,5a 個別運用保守ｻｰﾋﾞｽ,307,STRAVIS製品開発,ISID,ヒト,0,0,,,0,0,0,0,,,0,0,0,0,,,0,0,0,0,,,0,0,0,0,,,0,0,0,0,,,0,0,897000,710000,,,187000,0.208,897000,710000,,,187000,0.208,897000,710000,,,187000,0.208,897000,710000,,,187000,0.208,897000,710000,,,187000,0.208,897000,710000,,,187000,0.208
①,ソリ開2,STRAVIS 開発（川村）,内,BS,5a 個別運用保守ｻｰﾋﾞｽ,307,STRAVIS製品開発,ISID,ヒト,0,0,,,0,0,0,0,,,0,0,0,0,,,0,0,0,0,,,0,0,0,0,,,0,0,0,0,,,0,0,730000,651000,,,79000,0.108,730000,651000,,,79000,0.108,730000,651000,,,79000,0.108,730000,651000,,,79000,0.108,730000,651000,,,79000,0.108,730000,651000,,,79000,0.108
③,ソリ開2,STRAVIS 開発（井上）,内,BS,5a 個別運用保守ｻｰﾋﾞｽ,307,STRAVIS製品開発,ISID,ヒト,,,,,,,,,,,,,,,,,,,,,,,,,,,,,,,,,,,,,,,,,,,,,,,,,,,,,,,,,,,,,,,,,,,,,,,,
②,ソリ開2,STRAVIS開発・保守(付加価値業務),内,BS,5a 個別運用保守ｻｰﾋﾞｽ,307,STRAVIS製品開発,ISID,ヒト,0,,,,0,0,0,,,,0,0,0,,,,0,0,0,,,,0,0,0,,,,0,0,0,,,,0,0,215000,,,,215000,1,215000,,,,215000,1,215000,,,,215000,1,215000,,,,215000,1,215000,,,,215000,1,215000,,,,215000,1
④,ソリ開2,★新規開発要員追加（TP1）,対象外,BS,5a 個別運用保守ｻｰﾋﾞｽ,307,STRAVIS製品開発,ISID,ヒト,,,,,,,,,,,,,,,,,,,,,,,,,,,,,,,,,,,,,,,,,,,,,,,,,,,,,,,,,,,,,,,,,,,,,,,,
④,ソリ開2,★新規開発要員追加（TP2）,対象外,BS,5a 個別運用保守ｻｰﾋﾞｽ,307,STRAVIS製品開発,ISID,ヒト,,,,,,,,,,,,,,,,,,,,,,,,,,,,,,,,,,,,,,,,,,,,,,,,,,,,,,,,,,,,,,,,,,,,,,,,
④,ソリ開2,中途採用（社員）,内,BS,5a 個別運用保守ｻｰﾋﾞｽ,307,STRAVIS製品開発,ISID,ヒト,,,,,,,,,,,,,,,,,,,,,,,,,,,,,,,,,,,,,,,,,,,,,,,,,,,,,,,,,,,,,,,,,,,,,,,,
④,ソリ開2,★新規開発要員追加（TP3）,対象外,BS,5a 個別運用保守ｻｰﾋﾞｽ,307,STRAVIS製品開発,ISID,ヒト,,,,,,,,,,,,,,,,,,,,,,,,,,,,,,,,,,,,,,,,,,,,,,,,,,,,,,,,,,,,,,,,,,,,,,,,
④,ソリ開2,★新規開発要員追加（TP4）,対象外,BS,5a 個別運用保守ｻｰﾋﾞｽ,307,STRAVIS製品開発,ISID,ヒト,,,,,,,,,,,,,,,,,,,,,,,,,,,,,,,,,,,,,,,,,,,,,,,,,,,,,,,,,,,,,,,,,,,,,,,,
①,ソリ開2,STRAVIS開発・保守(1-3月 TP開発),内,BS,5a 個別運用保守ｻｰﾋﾞｽ,307,STRAVIS製品開発,ISID,ヒト,448500,355000,,,93500,0.208,448500,355000,,,93500,0.208,448500,355000,,,93500,0.208,,,,,0,0,,,,,0,0,,,,,0,0,,,,,0,0,,,,,0,0,,,,,0,0,,,,,0,0,,,,,0,0,,,,,0,0
①,ソリ開2,STRAVIS開発・保守(1-3月 TP保守),内,BS,5a 個別運用保守ｻｰﾋﾞｽ,307,STRAVIS製品開発,ISID,ヒト,1810500,1606000,,,204500,0.113,1810500,1606000,,,204500,0.113,1810500,1606000,,,204500,0.113,,,,,0,0,,,,,0,0,,,,,0,0,,,,,0,0,,,,,0,0,,,,,0,0,,,,,0,0,,,,,0,0,,,,,0,0
①,ソリ開2,STRAVIS開発・保守(1-3月),内,BS,5a 個別運用保守ｻｰﾋﾞｽ,307,STRAVIS製品開発,ISID,ヒト,6530000,0,,5577000,953000,0.146,6530000,0,,5577000,953000,0.146,6530000,0,,5577000,953000,0.146,,,,,0,0,,,,,0,0,,,,,0,0,,,,,0,0,,,,,0,0,,,,,0,0,,,,,0,0,,,,,0,0,,,,,0,0
①,ソリ開2,STRAVIS開発・保守(4-6月 TP開発),内,BS,5a 個別運用保守ｻｰﾋﾞｽ,307,STRAVIS製品開発,ISID,ヒト,,,,,0,0,,,,,0,0,,,,,0,0,448500,355000,,,93500,0.208,448500,355000,,,93500,0.208,448500,355000,,,93500,0.208,,,,,0,0,,,,,0,0,,,,,0,0,,,,,0,0,,,,,0,0,,,,,0,0
①,ソリ開2,STRAVIS開発・保守(4-6月 TP保守),内,BS,5a 個別運用保守ｻｰﾋﾞｽ,307,STRAVIS製品開発,ISID,ヒト,,,,,0,0,,,,,0,0,,,,,0,0,1752100,1606000,,,146100,0.083,1810500,1606000,,,204500,0.113,1810500,1606000,,,204500,0.113,,,,,0,0,,,,,0,0,,,,,0,0,,,,,0,0,,,,,0,0,,,,,0,0
①,ソリ開1,KP運用サポート実績工数超過費用（福田2021年3月作業分）,外,CIT,5a 個別運用保守ｻｰﾋﾞｽ,999,その他,クラシエホールディングス,ヒト,0,0,0,0,0,0,0,0,0,0,0,0,0,0,0,0,0,0,123059,0,0,0,123059,1,0,0,0,0,0,0,0,0,0,0,0,0,0,0,0,0,0,0,0,0,0,0,0,0,0,0,0,0,0,0,0,0,0,0,0,0,0,0,0,0,0,0,0,0,0,0,0,0
①,ソリ開1,サテライトサーバ・コネクトプラスサーバ第三者保守,外,CIT,6b 情報機器･その他ｿﾌﾄ保守,999,その他,クラシエホールディングス,モノ,0,0,0,0,0,0,0,0,0,0,0,0,0,0,0,0,0,0,0,0,0,0,0,0,0,0,0,0,0,0,70017,0,63000,0,7017,0.1,70017,0,63000,0,7017,0.1,70017,0,63000,0,7017,0.1,70017,0,63000,0,7017,0.1,70017,0,63000,0,7017,0.1,70017,0,63000,0,7017,0.1,70017,0,63000,0,7017,0.1
①,ソリ開1,HCM サポートサイトバージョンアップ対応（中間）,内,CIT,2b 個別案件型ｼｽﾃﾑ開発保守ｻｰﾋﾞｽ,405,APL,ISID,ヒト,0,0,0,0,0,0,0,0,0,0,0,0,0,0,0,0,0,0,0,0,0,0,0,0,0,0,0,0,0,0,3120000,1593044,70000,0,1456956,0.467,0,0,0,0,0,0,0,0,0,0,0,0,0,0,0,0,0,0,0,0,0,0,0,0,0,0,0,0,0,0,0,0,0,0,0,0
①,ソリ開1,HCM サポートサイトバージョンアップ対応（最終）,内,CIT,2b 個別案件型ｼｽﾃﾑ開発保守ｻｰﾋﾞｽ,405,APL,ISID,ヒト,0,0,0,0,0,0,0,0,0,0,0,0,0,0,0,0,0,0,0,0,0,0,0,0,0,0,0,0,0,0,0,0,0,0,0,0,0,0,0,0,0,0,3070000,1604096,70000,326700,1069204,0.348,0,0,0,0,0,0,0,0,0,0,0,0,0,0,0,0,0,0,0,0,0,0,0,0
①,ソリ開1,KHP様本社向け 無線LAN4 台　（初期費用）,外,CIT,6a 情報機器･その他ｿﾌﾄ販売,999,その他,クラシエホールディングス,モノ,0,0,0,0,0,0,0,0,0,0,0,0,0,0,0,0,0,0,0,0,0,0,0,0,307200,0,255200,0,52000,0.169,0,0,0,0,0,0,0,0,0,0,0,0,0,0,0,0,0,0,0,0,0,0,0,0,0,0,0,0,0,0,0,0,0,0,0,0,0,0,0,0,0,0
①,ソリ開1,KHP様本社向け 無線LAN4 台　（ランニング）,外,CIT,6b 情報機器･その他ｿﾌﾄ保守,999,その他,クラシエホールディングス,モノ,0,0,0,0,0,0,0,0,0,0,0,0,0,0,0,0,0,0,0,0,0,0,0,0,0,0,0,0,0,0,8480,0,5500,0,2980,0.351,8480,0,5500,0,2980,0.351,8480,0,5500,0,2980,0.351,8480,0,5500,0,2980,0.351,8480,0,5500,0,2980,0.351,8480,0,5500,0,2980,0.351,8480,0,5500,0,2980,0.351
①,ソリ開1,KHD SATTELITE01サーバ　ディスク交換,外,CIT,6a 情報機器･その他ｿﾌﾄ販売,999,その他,クラシエホールディングス,モノ,0,0,0,0,0,0,0,0,0,0,0,0,0,0,0,0,0,0,142000,0,127000,0,15000,0.106,0,0,0,0,0,0,0,0,0,0,0,0,0,0,0,0,0,0,0,0,0,0,0,0,0,0,0,0,0,0,0,0,0,0,0,0,0,0,0,0,0,0,0,0,0,0,0,0
①,ソリ開1,KPマイナンバー導入初期費用,外,CIT,5c 業務受託ｻｰﾋﾞｽ,901,BPO,クラシエホールディングス,ヒト,0,0,0,0,0,0,0,0,0,0,0,0,0,0,0,0,0,0,0,0,0,0,0,0,0,0,0,0,0,0,1500000,1050000,0,0,450000,0.3,0,0,0,0,0,0,0,0,0,0,0,0,0,0,0,0,0,0,0,0,0,0,0,0,0,0,0,0,0,0,0,0,0,0,0,0
①,ソリ開1,KPマイナンバー基本利用料ランニング,外,CIT,5c 業務受託ｻｰﾋﾞｽ,901,BPO,クラシエホールディングス,ヒト,0,0,0,0,0,0,0,0,0,0,0,0,0,0,0,0,0,0,0,0,0,0,0,0,0,0,0,0,0,0,0,0,0,0,0,0,170000,119000,0,0,51000,0.3,170000,119000,0,0,51000,0.3,170000,119000,0,0,51000,0.3,170000,119000,0,0,51000,0.3,170000,119000,0,0,51000,0.3,170000,119000,0,0,51000,0.3
①,ソリ開1,KPマイナンバー従量利用料（四半期ごと）,外,CIT,5c 業務受託ｻｰﾋﾞｽ,901,BPO,クラシエホールディングス,ヒト,0,0,0,0,0,0,0,0,0,0,0,0,0,0,0,0,0,0,0,0,0,0,0,0,0,0,0,0,0,0,0,0,0,0,0,0,0,0,0,0,0,0,0,0,0,0,0,0,50000,46500,0,0,3500,0.07,0,0,0,0,0,0,0,0,0,0,0,0,50000,46500,0,0,3500,0.07
①,ソリ開1,KHD EAI03サーバ　メモリ2枚・RAIDバッテリー交換,外,CIT,6a 情報機器･その他ｿﾌﾄ販売,999,その他,クラシエホールディングス,モノ,0,0,0,0,0,0,0,0,0,0,0,0,0,0,0,0,0,0,0,0,0,0,0,0,177000,0,159000,0,18000,0.102,0,0,0,0,0,0,0,0,0,0,0,0,0,0,0,0,0,0,0,0,0,0,0,0,0,0,0,0,0,0,0,0,0,0,0,0,0,0,0,0,0,0
①,ソリ開1,KHP販売大阪支店様向け_L2スイッチ交換作業,外,CIT,5a 個別運用保守ｻｰﾋﾞｽ,999,その他,クラシエホールディングス,ヒト,0,0,0,0,0,0,0,0,0,0,0,0,0,0,0,0,0,0,0,0,0,0,0,0,20000,15000,0,0,5000,0.25,0,0,0,0,0,0,0,0,0,0,0,0,0,0,0,0,0,0,0,0,0,0,0,0,0,0,0,0,0,0,0,0,0,0,0,0,0,0,0,0,0,0
③,ソリ開1,日産向けPowerQuery運用支援,内,CIT,2b 個別案件型ｼｽﾃﾑ開発保守ｻｰﾋﾞｽ,405,APL,ISID,ヒト,,,,,,,,,,,,,,,,,,,,,,,,,,,,,,,,,,,,,,,,,,,,,,,,,,,,,,,,,,,,,,,,,,,,,,,,
③,ソリ開1,OLC様RPA Windows10対応,内,CIT,2b 個別案件型ｼｽﾃﾑ開発保守ｻｰﾋﾞｽ,405,APL,ISID,ヒト,,,,,,,,,,,,,,,,,,,,,,,,,,,,,,,,,,,,,,,,,,,,,,,,,,,,,,,,,,,,,,,,,,,,,,,,
③,ソリ開1,相鉄向けコールセンターシステム立上支援,内,CIT,2a 個別案件型ｼｽﾃﾑ開発,405,APL,ISID,ヒト,,,,,,,,,,,,,,,,,,,,,,,,,,,,,,,,,,,,,,,,,,,,,,,,,,,,,,,,,,,,,,,,,,,,,,,,
①,ソリ開1,クラシエ本社支部 NAS導入（バッファローNAS）,外,CIT,6a 情報機器･その他ｿﾌﾄ販売,999,その他,クラシエホールディングス,モノ,0,0,0,0,0,0,0,0,0,0,0,0,0,0,0,0,0,0,0,0,0,0,0,0,0,0,0,0,0,0,130000,0,88800,0,41200,0.317,0,0,0,0,0,0,0,0,0,0,0,0,0,0,0,0,0,0,0,0,0,0,0,0,0,0,0,0,0,0,0,0,0,0,0,0
①,ソリ開1,クラシエ本社支部 NAS導入（バッファローNAS）5年保守,外,CIT,6b 情報機器･その他ｿﾌﾄ保守,999,その他,クラシエホールディングス,モノ,0,0,0,0,0,0,0,0,0,0,0,0,0,0,0,0,0,0,0,0,0,0,0,0,0,0,0,0,0,0,983,0,885,0,98,0.1,983,0,885,0,98,0.1,983,0,885,0,98,0.1,983,0,885,0,98,0.1,983,0,885,0,98,0.1,983,0,885,0,98,0.1,983,0,885,0,98,0.1
①,ソリ開1,クラシエ本社支部 NAS導入（バッファローNAS）5年ウイルスチェック拡張,外,CIT,6b 情報機器･その他ｿﾌﾄ保守,999,その他,クラシエホールディングス,モノ,0,0,0,0,0,0,0,0,0,0,0,0,0,0,0,0,0,0,0,0,0,0,0,0,0,0,0,0,0,0,262,0,222,0,40,0.153,262,0,222,0,40,0.153,262,0,222,0,40,0.153,262,0,222,0,40,0.153,262,0,222,0,40,0.153,262,0,222,0,40,0.153,262,0,222,0,40,0.153
①,ソリ開1,レジシステム　レジロール紙追加（夢の島マリーナ）,外,CIT,6a 情報機器･その他ｿﾌﾄ販売,999,その他,スバル興業,モノ,0,0,0,0,0,0,0,0,0,0,0,0,0,0,0,0,0,0,0,0,0,0,0,0,0,0,0,0,0,0,4600,0,3800,0,800,0.174,0,0,0,0,0,0,0,0,0,0,0,0,0,0,0,0,0,0,0,0,0,0,0,0,0,0,0,0,0,0,0,0,0,0,0,0
①,ソリ開1,間接原価,内,BS,99 間接原価,,,,ヒト,,,30000,945285,-975285,0,,,30000,945285,-975285,0,,,30000,945285,-975285,0,,,30000,945285,-975285,0,,,30000,945285,-975285,0,,,30000,945285,-975285,0,,,30000,945285,-975285,0,,,30000,945285,-975285,0,,,30000,945285,-975285,0,,,30000,945285,-975285,0,,,30000,945285,-975285,0,,,30000,945285,-975285,0
①,プ基技,間接原価,内,BS,99 間接原価,210,HCMインフラ,,ヒト,,,0,234465,-234465,0,,,0,234465,-234465,0,,,0,234465,-234465,0,,,0,234465,-234465,0,,,0,234465,-234465,0,,,0,234465,-234465,0,,,0,234465,-234465,0,,,0,234465,-234465,0,,,0,234465,-234465,0,,,0,234465,-234465,0,,,0,234465,-234465,0,,,0,234465,-234465,0
①,プ基技,間接原価,内,BS,99 間接原価,211,STRSVISｲﾝﾌﾗ,,ヒト,,,0,569415,-569415,0,,,0,569415,-569415,0,,,0,569415,-569415,0,,,0,569415,-569415,0,,,0,569415,-569415,0,,,0,569415,-569415,0,,,0,569415,-569415,0,,,0,569415,-569415,0,,,0,569415,-569415,0,,,0,569415,-569415,0,,,0,569415,-569415,0,,,0,569415,-569415,0
①,基幹アプリ,間接原価,内,BS,99 間接原価,,,,ヒト,,,20000,556050,-576050,0,,,20000,556050,-576050,0,,,20000,556050,-576050,0,,,20000,556050,-576050,0,,,20000,556050,-576050,0,,,20000,556050,-576050,0,,,20000,556050,-576050,0,,,20000,556050,-576050,0,,,20000,556050,-576050,0,,,20000,556050,-576050,0,,,20000,556050,-576050,0,,,20000,556050,-576050,0
①,SS,間接原価,内,BS,99 間接原価,309,STRAVIS,,ヒト,,,10000,444840,-454840,0,,,10000,444840,-454840,0,,,10000,444840,-454840,0,,,10000,444840,-454840,0,,,10000,444840,-454840,0,,,10000,444840,-454840,0,,,10000,444840,-454840,0,,,10000,444840,-454840,0,,,10000,444840,-454840,0,,,10000,444840,-454840,0,,,10000,444840,-454840,0,,,10000,444840,-454840,0
①,SS,間接原価,内,BS,99 間接原価,309,STRAVIS,,ヒト,,,10000,389235,-399235,0,,,10000,389235,-399235,0,,,10000,389235,-399235,0,,,10000,389235,-399235,0,,,10000,389235,-399235,0,,,10000,389235,-399235,0,,,10000,389235,-399235,0,,,10000,389235,-399235,0,,,10000,389235,-399235,0,,,10000,389235,-399235,0,,,10000,389235,-399235,0,,,10000,389235,-399235,0
①,ソリ開2,間接原価,内,BS,99 間接原価,307,STRAVIS製品開発,,ヒト,,,0,444840,-444840,0,,,0,444840,-444840,0,,,0,444840,-444840,0,,,0,444840,-444840,0,,,0,444840,-444840,0,,,0,444840,-444840,0,,,0,444840,-444840,0,,,0,444840,-444840,0,,,0,444840,-444840,0,,,0,444840,-444840,0,,,0,444840,-444840,0,,,0,444840,-444840,0
①,HCM,間接原価,内,BS,99 間接原価,306,HCM,,ヒト,,,60000,1000890,-1060890,0,,,60000,1000890,-1060890,0,,,60000,1000890,-1060890,0,,,60000,1000890,-1060890,0,,,60000,1000890,-1060890,0,,,60000,1000890,-1060890,0,,,60000,1000890,-1060890,0,,,60000,1000890,-1060890,0,,,60000,1000890,-1060890,0,,,60000,1000890,-1060890,0,,,60000,1000890,-1060890,0,,,60000,1000890,-1060890,0
